Identifier;Date;Time;Unit number;Antenna number;Transponder type;Transponder code;Weight;Input status;Output status;Event;GPS coordinates
201239;05-11-2020;09:17:14;41;-;Trovan Unique;00066DBF3E;-;00000000;00000000;-;""
201240;05-11-2020;09:17:15;41;-;Trovan Unique;00066DBF3E;-;00000000;00000000;-;""
201241;05-11-2020;09:17:15;41;-;Trovan Unique;00066DBF3E;-;00000000;00000000;-;""
201242;05-11-2020;09:17:16;41;-;Trovan Unique;00066DBF3E;-;00000000;00000000;-;""
201243;05-11-2020;09:17:17;41;-;Trovan Unique;00066DBF3E;-;00000000;00000000;-;""
201244;05-11-2020;09:17:18;41;-;Trovan Unique;00066DBF3E;-;00000000;00000000;-;""
201245;05-11-2020;09:17:20;42;-;Trovan Unique;00066DBF3E;-;00000000;00000000;-;""
201246;05-11-2020;09:17:21;42;-;Trovan Unique;00066DBF3E;-;00000000;00000000;-;""
201247;05-11-2020;09:17:21;42;-;Trovan Unique;00066DBF3E;-;00000000;00000000;-;""
201248;05-11-2020;09:17:23;43;-;Trovan Unique;00066DBF3E;-;00000000;00000000;-;""
201249;05-11-2020;09:17:23;43;-;Trovan Unique;00066DBF3E;-;00000000;00000000;-;""
201250;05-11-2020;09:17:24;43;-;Trovan Unique;00066DBF3E;-;00000000;00000000;-;""
201251;05-11-2020;09:17:25;43;-;Trovan Unique;00066DBF3E;-;00000000;00000000;-;""
201252;05-11-2020;09:17:28;44;-;Trovan Unique;00066DBF3E;-;00000000;00000000;-;""
201253;05-11-2020;09:17:29;44;-;Trovan Unique;00066DBF3E;-;00000000;00000000;-;""
201254;05-11-2020;09:17:29;44;-;Trovan Unique;00066DBF3E;-;00000000;00000000;-;""
201255;05-11-2020;09:17:34;35;-;Trovan Unique;00066DBF3E;-;00000000;00000000;-;""
201256;05-11-2020;09:17:35;35;-;Trovan Unique;00066DBF3E;-;00000000;00000000;-;""
201257;05-11-2020;09:17:36;35;-;Trovan Unique;00066DBF3E;-;00000000;00000000;-;""
201258;05-11-2020;09:17:39;31;-;Trovan Unique;00066DBF3E;-;00000000;00000000;-;""
201259;05-11-2020;09:17:39;31;-;Trovan Unique;00066DBF3E;-;00000000;00000000;-;""
201260;05-11-2020;09:17:40;31;-;Trovan Unique;00066DBF3E;-;00000000;00000000;-;""
201261;05-11-2020;09:17:42;32;-;Trovan Unique;00066DBF3E;-;00000000;00000000;-;""
201262;05-11-2020;09:17:42;32;-;Trovan Unique;00066DBF3E;-;00000000;00000000;-;""
201263;05-11-2020;09:17:45;33;-;Trovan Unique;00066DBF3E;-;00000000;00000000;-;""
201264;05-11-2020;09:17:45;33;-;Trovan Unique;00066DBF3E;-;00000000;00000000;-;""
201265;05-11-2020;09:17:46;33;-;Trovan Unique;00066DBF3E;-;00000000;00000000;-;""
201266;05-11-2020;09:17:51;11;-;Trovan Unique;00066DBF3E;-;00000000;00000000;-;""
201267;05-11-2020;09:17:51;11;-;Trovan Unique;00066DBF3E;-;00000000;00000000;-;""
201268;05-11-2020;09:17:51;11;-;Trovan Unique;00066DBF3E;-;00000000;00000000;-;""
201269;05-11-2020;09:17:51;11;-;Trovan Unique;00066DBF3E;-;00000000;00000000;-;""
201270;05-11-2020;09:17:52;11;-;Trovan Unique;00066DBF3E;-;00000000;00000000;-;""
201271;05-11-2020;09:17:53;12;-;Trovan Unique;00066DBF3E;-;00000000;00000000;-;""
201272;05-11-2020;09:17:53;12;-;Trovan Unique;00066DBF3E;-;00000000;00000000;-;""
201273;05-11-2020;09:17:54;12;-;Trovan Unique;00066DBF3E;-;00000000;00000000;-;""
201274;05-11-2020;09:17:54;12;-;Trovan Unique;00066DBF3E;-;00000000;00000000;-;""
201275;05-11-2020;09:17:54;12;-;Trovan Unique;00066DBF3E;-;00000000;00000000;-;""
201276;05-11-2020;09:17:54;12;-;Trovan Unique;00066DBF3E;-;00000000;00000000;-;""
201277;05-11-2020;09:17:57;13;-;Trovan Unique;00066DBF3E;-;00000000;00000000;-;""
201278;05-11-2020;09:17:57;13;-;Trovan Unique;00066DBF3E;-;00000000;00000000;-;""
201279;05-11-2020;09:17:58;13;-;Trovan Unique;00066DBF3E;-;00000000;00000000;-;""
201280;05-11-2020;09:17:58;13;-;Trovan Unique;00066DBF3E;-;00000000;00000000;-;""
201281;05-11-2020;09:17:58;13;-;Trovan Unique;00066DBF3E;-;00000000;00000000;-;""
201282;05-11-2020;09:17:58;13;-;Trovan Unique;00066DBF3E;-;00000000;00000000;-;""
201283;05-11-2020;09:18:01;14;-;Trovan Unique;00066DBF3E;-;00000000;00000000;-;""
201284;05-11-2020;09:18:01;14;-;Trovan Unique;00066DBF3E;-;00000000;00000000;-;""
201285;05-11-2020;09:18:02;14;-;Trovan Unique;00066DBF3E;-;00000000;00000000;-;""
201286;05-11-2020;09:18:02;14;-;Trovan Unique;00066DBF3E;-;00000000;00000000;-;""
201287;05-11-2020;09:18:02;14;-;Trovan Unique;00066DBF3E;-;00000000;00000000;-;""
201288;05-11-2020;09:18:02;14;-;Trovan Unique;00066DBF3E;-;00000000;00000000;-;""
201289;05-11-2020;09:18:03;14;-;Trovan Unique;00066DBF3E;-;00000000;00000000;-;""
201290;05-11-2020;09:18:03;14;-;Trovan Unique;00066DBF3E;-;00000000;00000000;-;""
201291;05-11-2020;09:18:03;14;-;Trovan Unique;00066DBF3E;-;00000000;00000000;-;""
201292;05-11-2020;09:18:13;21;-;Trovan Unique;00066DBF3E;-;00000000;00000000;-;""
201293;05-11-2020;09:18:14;21;-;Trovan Unique;00066DBF3E;-;00000000;00000000;-;""
201294;05-11-2020;09:18:14;21;-;Trovan Unique;00066DBF3E;-;00000000;00000000;-;""
201295;05-11-2020;09:18:14;21;-;Trovan Unique;00066DBF3E;-;00000000;00000000;-;""
201296;05-11-2020;09:18:15;21;-;Trovan Unique;00066DBF3E;-;00000000;00000000;-;""
201297;05-11-2020;09:18:17;22;-;Trovan Unique;00066DBF3E;-;00000000;00000000;-;""
201298;05-11-2020;09:18:18;22;-;Trovan Unique;00066DBF3E;-;00000000;00000000;-;""
201299;05-11-2020;09:18:18;22;-;Trovan Unique;00066DBF3E;-;00000000;00000000;-;""
201300;05-11-2020;09:18:19;22;-;Trovan Unique;00066DBF3E;-;00000000;00000000;-;""
201301;05-11-2020;09:18:20;23;-;Trovan Unique;00066DBF3E;-;00000000;00000000;-;""
201302;05-11-2020;09:18:21;23;-;Trovan Unique;00066DBF3E;-;00000000;00000000;-;""
201303;05-11-2020;09:18:21;23;-;Trovan Unique;00066DBF3E;-;00000000;00000000;-;""
201304;05-11-2020;09:18:22;23;-;Trovan Unique;00066DBF3E;-;00000000;00000000;-;""
201305;05-11-2020;09:18:25;24;-;Trovan Unique;00066DBF3E;-;00000000;00000000;-;""
201306;05-11-2020;09:18:25;24;-;Trovan Unique;00066DBF3E;-;00000000;00000000;-;""
201307;05-11-2020;09:18:25;24;-;Trovan Unique;00066DBF3E;-;00000000;00000000;-;""
201308;05-11-2020;09:18:26;24;-;Trovan Unique;00066DBF3E;-;00000000;00000000;-;""
201309;05-11-2020;09:18:38;11;-;Trovan Unique;00066DBF3E;-;00000000;00000000;-;""
201310;05-11-2020;09:18:39;11;-;Trovan Unique;00066DBF3E;-;00000000;00000000;-;""
201311;05-11-2020;09:18:39;11;-;Trovan Unique;00066DBF3E;-;00000000;00000000;-;""
201312;05-11-2020;09:18:39;11;-;Trovan Unique;00066DBF3E;-;00000000;00000000;-;""
201313;05-11-2020;09:18:39;11;-;Trovan Unique;00066DBF3E;-;00000000;00000000;-;""
201314;05-11-2020;09:18:39;11;-;Trovan Unique;00066DBF3E;-;00000000;00000000;-;""
201315;05-11-2020;09:18:40;11;-;Trovan Unique;00066DBF3E;-;00000000;00000000;-;""
201316;05-11-2020;09:18:40;11;-;Trovan Unique;00066DBF3E;-;00000000;00000000;-;""
201317;05-11-2020;09:18:40;11;-;Trovan Unique;00066DBF3E;-;00000000;00000000;-;""
201318;05-11-2020;09:18:45;32;-;Trovan Unique;00066DBF3E;-;00000000;00000000;-;""
201319;05-11-2020;09:18:45;32;-;Trovan Unique;00066DBF3E;-;00000000;00000000;-;""
201320;05-11-2020;09:18:45;32;-;Trovan Unique;00066DBF3E;-;00000000;00000000;-;""
201321;05-11-2020;09:18:46;32;-;Trovan Unique;00066DBF3E;-;00000000;00000000;-;""
201322;05-11-2020;09:18:47;32;-;Trovan Unique;00066DBF3E;-;00000000;00000000;-;""
201323;05-11-2020;13:13:49;43;-;Trovan Unique;0007A05274;-;00000000;00000000;-;""
201324;05-11-2020;13:13:50;43;-;Trovan Unique;0007A56748;-;00000000;00000000;-;""
201325;05-11-2020;13:13:51;43;-;Trovan Unique;0007A56748;-;00000000;00000000;-;""
201326;05-11-2020;13:13:52;43;-;Trovan Unique;0007A56748;-;00000000;00000000;-;""
201327;05-11-2020;13:13:52;43;-;Trovan Unique;0007A56748;-;00000000;00000000;-;""
201328;05-11-2020;13:13:53;43;-;Trovan Unique;0007A56748;-;00000000;00000000;-;""
201329;05-11-2020;13:13:54;43;-;Trovan Unique;0007A56748;-;00000000;00000000;-;""
201330;05-11-2020;13:14:00;43;-;Trovan Unique;0007A04979;-;00000000;00000000;-;""
201331;05-11-2020;13:14:01;43;-;Trovan Unique;0007A56748;-;00000000;00000000;-;""
201332;05-11-2020;13:14:02;43;-;Trovan Unique;0007A56748;-;00000000;00000000;-;""
201333;05-11-2020;13:14:03;43;-;Trovan Unique;0007A56748;-;00000000;00000000;-;""
201334;05-11-2020;13:14:03;43;-;Trovan Unique;0007A04979;-;00000000;00000000;-;""
201335;05-11-2020;13:14:05;43;-;Trovan Unique;0007A04979;-;00000000;00000000;-;""
201336;05-11-2020;13:14:05;43;-;Trovan Unique;0007A04979;-;00000000;00000000;-;""
201337;05-11-2020;13:14:06;43;-;Trovan Unique;0007A04979;-;00000000;00000000;-;""
201338;05-11-2020;13:14:07;43;-;Trovan Unique;0007A04979;-;00000000;00000000;-;""
201339;05-11-2020;13:14:08;43;-;Trovan Unique;0007A04979;-;00000000;00000000;-;""
201340;05-11-2020;13:14:20;43;-;Trovan Unique;0007E51C59;-;00000000;00000000;-;""
201341;05-11-2020;13:14:20;43;-;Trovan Unique;0007E51C59;-;00000000;00000000;-;""
201342;05-11-2020;13:14:21;43;-;Trovan Unique;0007E51C59;-;00000000;00000000;-;""
201343;05-11-2020;13:14:22;43;-;Trovan Unique;0007E51C59;-;00000000;00000000;-;""
201344;05-11-2020;13:14:22;43;-;Trovan Unique;0007E51C59;-;00000000;00000000;-;""
201345;05-11-2020;13:14:23;43;-;Trovan Unique;0007E51C59;-;00000000;00000000;-;""
201346;05-11-2020;13:14:24;43;-;Trovan Unique;0007E51C59;-;00000000;00000000;-;""
201347;05-11-2020;13:14:24;43;-;Trovan Unique;0007E51C59;-;00000000;00000000;-;""
201348;05-11-2020;13:14:25;43;-;Trovan Unique;0007E51C59;-;00000000;00000000;-;""
201349;05-11-2020;13:14:25;43;-;Trovan Unique;0007E51C59;-;00000000;00000000;-;""
201350;05-11-2020;13:14:26;43;-;Trovan Unique;0007E51C59;-;00000000;00000000;-;""
201351;05-11-2020;13:14:27;43;-;Trovan Unique;0007E51C59;-;00000000;00000000;-;""
201352;05-11-2020;13:14:27;43;-;Trovan Unique;0007E51C59;-;00000000;00000000;-;""
201353;05-11-2020;13:14:29;43;-;Trovan Unique;0007E51C59;-;00000000;00000000;-;""
201354;05-11-2020;13:14:29;43;-;Trovan Unique;0007E51C59;-;00000000;00000000;-;""
201355;05-11-2020;13:14:30;43;-;Trovan Unique;0007E51C59;-;00000000;00000000;-;""
201356;05-11-2020;13:14:31;43;-;Trovan Unique;0007E51C59;-;00000000;00000000;-;""
201357;05-11-2020;13:14:31;43;-;Trovan Unique;0007E51C59;-;00000000;00000000;-;""
201358;05-11-2020;13:14:32;43;-;Trovan Unique;0007E51C59;-;00000000;00000000;-;""
201359;05-11-2020;13:14:33;43;-;Trovan Unique;0007E51C59;-;00000000;00000000;-;""
201360;05-11-2020;13:14:33;43;-;Trovan Unique;0007E51C59;-;00000000;00000000;-;""
201361;05-11-2020;13:14:34;43;-;Trovan Unique;0007E51C59;-;00000000;00000000;-;""
201362;05-11-2020;13:14:35;43;-;Trovan Unique;0007E51C59;-;00000000;00000000;-;""
201363;05-11-2020;13:14:35;43;-;Trovan Unique;0007E51C59;-;00000000;00000000;-;""
201364;05-11-2020;13:14:36;43;-;Trovan Unique;0007E51C59;-;00000000;00000000;-;""
201365;05-11-2020;13:14:37;43;-;Trovan Unique;0007E51C59;-;00000000;00000000;-;""
201366;05-11-2020;13:14:38;43;-;Trovan Unique;0007A56748;-;00000000;00000000;-;""
201367;05-11-2020;13:14:38;43;-;Trovan Unique;0007A56748;-;00000000;00000000;-;""
201368;05-11-2020;13:14:39;43;-;Trovan Unique;0007A56748;-;00000000;00000000;-;""
201369;05-11-2020;13:14:53;43;-;Trovan Unique;0007E51C59;-;00000000;00000000;-;""
201370;05-11-2020;13:14:53;43;-;Trovan Unique;0007E51C59;-;00000000;00000000;-;""
201371;05-11-2020;13:14:54;43;-;Trovan Unique;0007E51C59;-;00000000;00000000;-;""
201372;05-11-2020;13:14:54;43;-;Trovan Unique;0007E51C59;-;00000000;00000000;-;""
201373;05-11-2020;13:14:55;43;-;Trovan Unique;0007E51C59;-;00000000;00000000;-;""
201374;05-11-2020;13:14:56;43;-;Trovan Unique;0007E51C59;-;00000000;00000000;-;""
201375;05-11-2020;13:14:56;43;-;Trovan Unique;0007E51C59;-;00000000;00000000;-;""
201376;05-11-2020;13:14:57;43;-;Trovan Unique;0007E51C59;-;00000000;00000000;-;""
201377;05-11-2020;13:14:58;43;-;Trovan Unique;0007E51C59;-;00000000;00000000;-;""
201378;05-11-2020;13:14:58;43;-;Trovan Unique;0007E51C59;-;00000000;00000000;-;""
201379;05-11-2020;13:14:59;43;-;Trovan Unique;0007E51C59;-;00000000;00000000;-;""
201380;05-11-2020;13:15:01;43;-;Trovan Unique;0007E51C59;-;00000000;00000000;-;""
201381;05-11-2020;13:15:02;43;-;Trovan Unique;0007E51C59;-;00000000;00000000;-;""
201382;05-11-2020;13:15:03;43;-;Trovan Unique;0007A56748;-;00000000;00000000;-;""
201383;05-11-2020;13:15:04;43;-;Trovan Unique;0007A56748;-;00000000;00000000;-;""
201384;05-11-2020;13:15:05;43;-;Trovan Unique;0007A56748;-;00000000;00000000;-;""
201385;05-11-2020;13:15:05;43;-;Trovan Unique;0007A56748;-;00000000;00000000;-;""
201386;05-11-2020;13:15:06;43;-;Trovan Unique;0007A56748;-;00000000;00000000;-;""
201387;05-11-2020;13:15:06;43;-;Trovan Unique;0007A56748;-;00000000;00000000;-;""
201388;05-11-2020;13:15:07;43;-;Trovan Unique;0007A56748;-;00000000;00000000;-;""
201389;05-11-2020;13:15:08;43;-;Trovan Unique;0007A56748;-;00000000;00000000;-;""
201390;05-11-2020;13:15:08;43;-;Trovan Unique;0007A56748;-;00000000;00000000;-;""
201391;05-11-2020;13:15:10;43;-;Trovan Unique;0007A56748;-;00000000;00000000;-;""
201392;05-11-2020;13:15:11;43;-;Trovan Unique;0007A56748;-;00000000;00000000;-;""
201393;05-11-2020;13:15:12;43;-;Trovan Unique;0007A56748;-;00000000;00000000;-;""
201394;05-11-2020;13:15:12;43;-;Trovan Unique;0007A56748;-;00000000;00000000;-;""
201395;05-11-2020;13:25:20;42;-;Trovan Unique;0007EA009A;-;00000000;00000000;-;""
201396;05-11-2020;13:25:23;42;-;Trovan Unique;0007A04979;-;00000000;00000000;-;""
201397;05-11-2020;13:25:24;42;-;Trovan Unique;0007A04979;-;00000000;00000000;-;""
201398;05-11-2020;13:25:24;42;-;Trovan Unique;0007A04979;-;00000000;00000000;-;""
201399;05-11-2020;13:25:26;42;-;Trovan Unique;0007A04979;-;00000000;00000000;-;""
201400;05-11-2020;13:25:28;42;-;Trovan Unique;0007EA009A;-;00000000;00000000;-;""
201401;05-11-2020;13:25:29;42;-;Trovan Unique;0007EA009A;-;00000000;00000000;-;""
201402;05-11-2020;13:25:29;42;-;Trovan Unique;0007EA009A;-;00000000;00000000;-;""
201403;05-11-2020;13:25:30;42;-;Trovan Unique;0007EA009A;-;00000000;00000000;-;""
201404;05-11-2020;13:25:31;42;-;Trovan Unique;0007EA009A;-;00000000;00000000;-;""
201405;05-11-2020;13:25:31;42;-;Trovan Unique;0007EA009A;-;00000000;00000000;-;""
201406;05-11-2020;13:25:32;42;-;Trovan Unique;0007EA009A;-;00000000;00000000;-;""
201407;05-11-2020;13:25:33;42;-;Trovan Unique;0007EA009A;-;00000000;00000000;-;""
201408;05-11-2020;13:25:33;42;-;Trovan Unique;0007EA009A;-;00000000;00000000;-;""
201409;05-11-2020;13:25:34;42;-;Trovan Unique;0007EA009A;-;00000000;00000000;-;""
201410;05-11-2020;13:25:34;42;-;Trovan Unique;0007EA009A;-;00000000;00000000;-;""
201411;05-11-2020;13:25:35;42;-;Trovan Unique;0007EA009A;-;00000000;00000000;-;""
201412;05-11-2020;13:25:36;42;-;Trovan Unique;0007EA009A;-;00000000;00000000;-;""
201413;05-11-2020;13:25:36;42;-;Trovan Unique;0007EA009A;-;00000000;00000000;-;""
201414;05-11-2020;13:25:37;42;-;Trovan Unique;0007EA009A;-;00000000;00000000;-;""
201415;05-11-2020;13:25:52;42;-;Trovan Unique;0007A5AAD5;-;00000000;00000000;-;""
201416;05-11-2020;13:25:53;42;-;Trovan Unique;0007A5AAD5;-;00000000;00000000;-;""
201417;05-11-2020;13:25:53;42;-;Trovan Unique;0007A5AAD5;-;00000000;00000000;-;""
201418;05-11-2020;13:25:54;42;-;Trovan Unique;0007A5AAD5;-;00000000;00000000;-;""
201419;05-11-2020;13:25:54;42;-;Trovan Unique;0007A5AAD5;-;00000000;00000000;-;""
201420;05-11-2020;13:25:55;42;-;Trovan Unique;0007A5AAD5;-;00000000;00000000;-;""
201421;05-11-2020;13:25:56;42;-;Trovan Unique;0007A5AAD5;-;00000000;00000000;-;""
201422;05-11-2020;13:25:56;42;-;Trovan Unique;0007EA009A;-;00000000;00000000;-;""
201423;05-11-2020;13:25:57;42;-;Trovan Unique;0007EA009A;-;00000000;00000000;-;""
201424;05-11-2020;13:25:58;42;-;Trovan Unique;0007EA009A;-;00000000;00000000;-;""
201425;05-11-2020;13:26:23;42;-;Trovan Unique;0007A56748;-;00000000;00000000;-;""
201426;05-11-2020;13:26:23;42;-;Trovan Unique;0007A56748;-;00000000;00000000;-;""
201427;05-11-2020;13:26:24;42;-;Trovan Unique;0007A56748;-;00000000;00000000;-;""
201428;05-11-2020;13:26:24;42;-;Trovan Unique;0007A56748;-;00000000;00000000;-;""
201429;05-11-2020;13:26:25;42;-;Trovan Unique;0007A56748;-;00000000;00000000;-;""
201430;05-11-2020;13:26:26;42;-;Trovan Unique;0007A56748;-;00000000;00000000;-;""
201431;05-11-2020;13:26:26;42;-;Trovan Unique;0007A56748;-;00000000;00000000;-;""
201432;05-11-2020;13:26:27;42;-;Trovan Unique;0007A56748;-;00000000;00000000;-;""
201433;05-11-2020;13:26:28;42;-;Trovan Unique;0007A56748;-;00000000;00000000;-;""
201434;05-11-2020;13:26:28;42;-;Trovan Unique;0007A56748;-;00000000;00000000;-;""
201435;05-11-2020;13:27:09;42;-;Trovan Unique;0007A56748;-;00000000;00000000;-;""
201436;05-11-2020;13:28:15;41;-;Trovan Unique;0007A03565;-;00000000;00000000;-;""
201437;05-11-2020;13:28:18;41;-;Trovan Unique;0007A03565;-;00000000;00000000;-;""
201438;05-11-2020;13:28:18;41;-;Trovan Unique;0007A03565;-;00000000;00000000;-;""
201439;05-11-2020;13:28:19;41;-;Trovan Unique;0007A03565;-;00000000;00000000;-;""
201440;05-11-2020;13:28:20;41;-;Trovan Unique;0007A03565;-;00000000;00000000;-;""
201441;05-11-2020;13:28:20;41;-;Trovan Unique;0007A03565;-;00000000;00000000;-;""
201442;05-11-2020;13:32:29;44;-;Trovan Unique;0007A56748;-;00000000;00000000;-;""
201443;05-11-2020;13:32:30;44;-;Trovan Unique;0007A56748;-;00000000;00000000;-;""
201444;05-11-2020;13:32:30;44;-;Trovan Unique;0007A56748;-;00000000;00000000;-;""
201445;05-11-2020;13:32:31;44;-;Trovan Unique;0007A56748;-;00000000;00000000;-;""
201446;05-11-2020;13:32:32;44;-;Trovan Unique;0007A56748;-;00000000;00000000;-;""
201447;05-11-2020;13:38:52;43;-;Trovan Unique;0007A56748;-;00000000;00000000;-;""
201448;05-11-2020;13:38:59;43;-;Trovan Unique;0007A56748;-;00000000;00000000;-;""
201449;05-11-2020;13:39:00;43;-;Trovan Unique;0007A56748;-;00000000;00000000;-;""
201450;05-11-2020;13:39:03;43;-;Trovan Unique;0007EA009A;-;00000000;00000000;-;""
201451;05-11-2020;13:39:04;43;-;Trovan Unique;0007EA009A;-;00000000;00000000;-;""
201452;05-11-2020;13:39:05;43;-;Trovan Unique;0007EA009A;-;00000000;00000000;-;""
201453;05-11-2020;13:39:06;43;-;Trovan Unique;0007EA009A;-;00000000;00000000;-;""
201454;05-11-2020;13:39:07;43;-;Trovan Unique;0007EA009A;-;00000000;00000000;-;""
201455;05-11-2020;13:39:07;43;-;Trovan Unique;0007EA009A;-;00000000;00000000;-;""
201456;05-11-2020;13:39:08;43;-;Trovan Unique;0007EA009A;-;00000000;00000000;-;""
201457;05-11-2020;13:39:09;43;-;Trovan Unique;0007EA009A;-;00000000;00000000;-;""
201458;05-11-2020;13:39:09;43;-;Trovan Unique;0007EA009A;-;00000000;00000000;-;""
201459;05-11-2020;13:39:10;43;-;Trovan Unique;0007EA009A;-;00000000;00000000;-;""
201460;05-11-2020;13:39:11;43;-;Trovan Unique;0007EA009A;-;00000000;00000000;-;""
201461;05-11-2020;13:39:11;43;-;Trovan Unique;0007EA009A;-;00000000;00000000;-;""
201462;05-11-2020;13:39:12;43;-;Trovan Unique;0007EA009A;-;00000000;00000000;-;""
201463;05-11-2020;13:39:13;43;-;Trovan Unique;0007EA009A;-;00000000;00000000;-;""
201464;05-11-2020;13:39:15;43;-;Trovan Unique;0007EA009A;-;00000000;00000000;-;""
201465;05-11-2020;13:39:21;43;-;Trovan Unique;0007EA009A;-;00000000;00000000;-;""
201466;05-11-2020;13:39:22;43;-;Trovan Unique;0007EA009A;-;00000000;00000000;-;""
201467;05-11-2020;13:39:22;43;-;Trovan Unique;0007EA009A;-;00000000;00000000;-;""
201468;05-11-2020;13:39:23;43;-;Trovan Unique;0007EA009A;-;00000000;00000000;-;""
201469;05-11-2020;13:39:24;43;-;Trovan Unique;0007EA009A;-;00000000;00000000;-;""
201470;05-11-2020;13:39:24;43;-;Trovan Unique;0007EA009A;-;00000000;00000000;-;""
201471;05-11-2020;13:39:25;43;-;Trovan Unique;0007EA009A;-;00000000;00000000;-;""
201472;05-11-2020;13:39:25;43;-;Trovan Unique;0007EA009A;-;00000000;00000000;-;""
201473;05-11-2020;13:39:26;43;-;Trovan Unique;0007EA009A;-;00000000;00000000;-;""
201474;05-11-2020;13:39:27;43;-;Trovan Unique;0007EA009A;-;00000000;00000000;-;""
201475;05-11-2020;13:39:27;43;-;Trovan Unique;0007EA009A;-;00000000;00000000;-;""
201476;05-11-2020;13:39:28;43;-;Trovan Unique;0007EA009A;-;00000000;00000000;-;""
201477;05-11-2020;13:39:29;43;-;Trovan Unique;0007EA009A;-;00000000;00000000;-;""
201478;05-11-2020;13:39:29;43;-;Trovan Unique;0007EA009A;-;00000000;00000000;-;""
201479;05-11-2020;13:39:30;43;-;Trovan Unique;0007EA009A;-;00000000;00000000;-;""
201480;05-11-2020;13:39:31;43;-;Trovan Unique;0007EA009A;-;00000000;00000000;-;""
201481;05-11-2020;13:39:31;43;-;Trovan Unique;0007EA009A;-;00000000;00000000;-;""
201482;05-11-2020;13:39:32;43;-;Trovan Unique;0007EA009A;-;00000000;00000000;-;""
201483;05-11-2020;13:39:35;43;-;Trovan Unique;0007A03565;-;00000000;00000000;-;""
201484;05-11-2020;13:39:36;43;-;Trovan Unique;0007E04FF8;-;00000000;00000000;-;""
201485;05-11-2020;13:39:37;43;-;Trovan Unique;0007EA009A;-;00000000;00000000;-;""
201486;05-11-2020;13:39:55;43;-;Trovan Unique;0007EA009A;-;00000000;00000000;-;""
201487;05-11-2020;13:39:55;43;-;Trovan Unique;0007EA009A;-;00000000;00000000;-;""
201488;05-11-2020;13:39:56;43;-;Trovan Unique;0007EA009A;-;00000000;00000000;-;""
201489;05-11-2020;13:39:57;43;-;Trovan Unique;0007EA009A;-;00000000;00000000;-;""
201490;05-11-2020;13:39:57;43;-;Trovan Unique;0007EA009A;-;00000000;00000000;-;""
201491;05-11-2020;13:39:58;43;-;Trovan Unique;0007EA009A;-;00000000;00000000;-;""
201492;05-11-2020;13:39:58;43;-;Trovan Unique;0007EA009A;-;00000000;00000000;-;""
201493;05-11-2020;13:39:59;43;-;Trovan Unique;0007EA009A;-;00000000;00000000;-;""
201494;05-11-2020;13:40:00;43;-;Trovan Unique;0007EA009A;-;00000000;00000000;-;""
201495;05-11-2020;13:40:04;43;-;Trovan Unique;0007EA009A;-;00000000;00000000;-;""
201496;05-11-2020;13:40:04;43;-;Trovan Unique;0007EA009A;-;00000000;00000000;-;""
201497;05-11-2020;13:40:05;43;-;Trovan Unique;0007EA009A;-;00000000;00000000;-;""
201498;05-11-2020;13:43:15;43;-;Trovan Unique;0007A03565;-;00000000;00000000;-;""
201499;05-11-2020;13:43:16;43;-;Trovan Unique;0007A03565;-;00000000;00000000;-;""
201500;05-11-2020;13:43:16;43;-;Trovan Unique;0007A03565;-;00000000;00000000;-;""
201501;05-11-2020;13:43:17;43;-;Trovan Unique;0007A03565;-;00000000;00000000;-;""
201502;05-11-2020;13:43:18;43;-;Trovan Unique;0007A03565;-;00000000;00000000;-;""
201503;05-11-2020;13:44:11;42;-;Trovan Unique;0007A56748;-;00000000;00000000;-;""
201504;05-11-2020;13:44:11;42;-;Trovan Unique;0007A56748;-;00000000;00000000;-;""
201505;05-11-2020;13:44:12;42;-;Trovan Unique;0007A56748;-;00000000;00000000;-;""
201506;05-11-2020;13:44:12;42;-;Trovan Unique;0007A56748;-;00000000;00000000;-;""
201507;05-11-2020;13:44:13;42;-;Trovan Unique;0007A56748;-;00000000;00000000;-;""
201508;05-11-2020;13:44:14;42;-;Trovan Unique;0007A56748;-;00000000;00000000;-;""
201509;05-11-2020;13:44:14;42;-;Trovan Unique;0007A56748;-;00000000;00000000;-;""
201510;05-11-2020;13:44:16;42;-;Trovan Unique;0007A5AAD5;-;00000000;00000000;-;""
201511;05-11-2020;13:44:16;42;-;Trovan Unique;0007A5AAD5;-;00000000;00000000;-;""
201512;05-11-2020;13:44:17;42;-;Trovan Unique;0007A5AAD5;-;00000000;00000000;-;""
201513;05-11-2020;13:44:17;42;-;Trovan Unique;0007A5AAD5;-;00000000;00000000;-;""
201514;05-11-2020;13:44:18;42;-;Trovan Unique;0007A5AAD5;-;00000000;00000000;-;""
201515;05-11-2020;13:44:19;42;-;Trovan Unique;0007A5AAD5;-;00000000;00000000;-;""
201516;05-11-2020;13:48:21;42;-;Trovan Unique;0007A56748;-;00000000;00000000;-;""
201517;05-11-2020;13:59:26;44;-;Trovan Unique;0007A03565;-;00000000;00000000;-;""
201518;05-11-2020;13:59:26;44;-;Trovan Unique;0007A03565;-;00000000;00000000;-;""
201519;05-11-2020;13:59:27;44;-;Trovan Unique;0007A03565;-;00000000;00000000;-;""
201520;05-11-2020;13:59:28;44;-;Trovan Unique;0007A03565;-;00000000;00000000;-;""
201521;05-11-2020;13:59:28;44;-;Trovan Unique;0007A03565;-;00000000;00000000;-;""
201522;05-11-2020;13:59:29;44;-;Trovan Unique;0007A03565;-;00000000;00000000;-;""
201523;05-11-2020;13:59:30;44;-;Trovan Unique;0007A03565;-;00000000;00000000;-;""
201524;05-11-2020;13:59:30;44;-;Trovan Unique;0007A03565;-;00000000;00000000;-;""
201525;05-11-2020;13:59:31;44;-;Trovan Unique;0007A03565;-;00000000;00000000;-;""
201526;05-11-2020;13:59:31;44;-;Trovan Unique;0007A03565;-;00000000;00000000;-;""
201527;05-11-2020;13:59:32;44;-;Trovan Unique;0007A03565;-;00000000;00000000;-;""
201528;05-11-2020;13:59:33;44;-;Trovan Unique;0007A03565;-;00000000;00000000;-;""
201529;05-11-2020;13:59:34;44;-;Trovan Unique;0007A03565;-;00000000;00000000;-;""
201530;05-11-2020;13:59:34;44;-;Trovan Unique;0007A03565;-;00000000;00000000;-;""
201531;05-11-2020;13:59:35;44;-;Trovan Unique;0007A03565;-;00000000;00000000;-;""
201532;05-11-2020;13:59:35;44;-;Trovan Unique;0007A03565;-;00000000;00000000;-;""
201533;05-11-2020;13:59:36;44;-;Trovan Unique;0007A03565;-;00000000;00000000;-;""
201534;05-11-2020;13:59:37;44;-;Trovan Unique;0007A03565;-;00000000;00000000;-;""
201535;05-11-2020;13:59:37;44;-;Trovan Unique;0007A03565;-;00000000;00000000;-;""
201536;05-11-2020;14:03:19;41;-;Trovan Unique;0007A56748;-;00000000;00000000;-;""
201537;05-11-2020;14:03:20;41;-;Trovan Unique;0007A56748;-;00000000;00000000;-;""
201538;05-11-2020;14:03:20;41;-;Trovan Unique;0007A56748;-;00000000;00000000;-;""
201539;05-11-2020;14:03:21;41;-;Trovan Unique;0007A56748;-;00000000;00000000;-;""
201540;05-11-2020;14:03:39;42;-;Trovan Unique;0007A56748;-;00000000;00000000;-;""
201541;05-11-2020;14:03:40;42;-;Trovan Unique;0007A56748;-;00000000;00000000;-;""
201542;05-11-2020;14:03:40;42;-;Trovan Unique;0007A56748;-;00000000;00000000;-;""
201543;05-11-2020;14:03:41;42;-;Trovan Unique;0007A56748;-;00000000;00000000;-;""
201544;05-11-2020;14:03:42;42;-;Trovan Unique;0007A56748;-;00000000;00000000;-;""
201545;05-11-2020;14:03:42;42;-;Trovan Unique;0007A56748;-;00000000;00000000;-;""
201546;05-11-2020;14:03:43;42;-;Trovan Unique;0007A56748;-;00000000;00000000;-;""
201547;05-11-2020;14:03:50;41;-;Trovan Unique;0007EA009A;-;00000000;00000000;-;""
201548;05-11-2020;14:03:50;41;-;Trovan Unique;0007EA009A;-;00000000;00000000;-;""
201549;05-11-2020;14:03:51;41;-;Trovan Unique;0007EA009A;-;00000000;00000000;-;""
201550;05-11-2020;14:03:51;41;-;Trovan Unique;0007EA009A;-;00000000;00000000;-;""
201551;05-11-2020;14:03:57;41;-;Trovan Unique;0007A5AAD5;-;00000000;00000000;-;""
201552;05-11-2020;14:03:58;41;-;Trovan Unique;0007A5AAD5;-;00000000;00000000;-;""
201553;05-11-2020;14:03:58;41;-;Trovan Unique;0007A5AAD5;-;00000000;00000000;-;""
201554;05-11-2020;14:03:59;41;-;Trovan Unique;0007A5AAD5;-;00000000;00000000;-;""
201555;05-11-2020;14:04:00;41;-;Trovan Unique;0007A5AAD5;-;00000000;00000000;-;""
201556;05-11-2020;14:04:01;41;-;Trovan Unique;0007A5AAD5;-;00000000;00000000;-;""
201557;05-11-2020;14:05:04;44;-;Trovan Unique;0007A65EB5;-;00000000;00000000;-;""
201558;05-11-2020;14:05:05;44;-;Trovan Unique;0007A65EB5;-;00000000;00000000;-;""
201559;05-11-2020;14:05:06;44;-;Trovan Unique;0007A65EB5;-;00000000;00000000;-;""
201560;05-11-2020;14:05:06;44;-;Trovan Unique;0007A65EB5;-;00000000;00000000;-;""
201561;05-11-2020;14:05:07;41;-;Trovan Unique;0007A05274;-;00000000;00000000;-;""
201562;05-11-2020;14:05:07;41;-;Trovan Unique;0007A05274;-;00000000;00000000;-;""
201563;05-11-2020;14:05:13;41;-;Trovan Unique;0007A05274;-;00000000;00000000;-;""
201564;05-11-2020;14:05:14;41;-;Trovan Unique;0007A05274;-;00000000;00000000;-;""
201565;05-11-2020;14:05:14;41;-;Trovan Unique;0007A05274;-;00000000;00000000;-;""
201566;05-11-2020;14:05:15;41;-;Trovan Unique;0007A05274;-;00000000;00000000;-;""
201567;05-11-2020;14:05:15;41;-;Trovan Unique;0007A05274;-;00000000;00000000;-;""
201568;05-11-2020;14:05:16;41;-;Trovan Unique;0007A05274;-;00000000;00000000;-;""
201569;05-11-2020;14:13:36;44;-;Trovan Unique;0007A56748;-;00000000;00000000;-;""
201570;05-11-2020;14:13:36;44;-;Trovan Unique;0007A56748;-;00000000;00000000;-;""
201571;05-11-2020;14:13:37;44;-;Trovan Unique;0007A56748;-;00000000;00000000;-;""
201572;05-11-2020;14:13:38;44;-;Trovan Unique;0007A56748;-;00000000;00000000;-;""
201573;05-11-2020;14:13:38;44;-;Trovan Unique;0007A56748;-;00000000;00000000;-;""
201574;05-11-2020;14:13:39;44;-;Trovan Unique;0007A56748;-;00000000;00000000;-;""
201575;05-11-2020;14:13:39;44;-;Trovan Unique;0007A56748;-;00000000;00000000;-;""
201576;05-11-2020;14:13:45;44;-;Trovan Unique;0007A5AAD5;-;00000000;00000000;-;""
201577;05-11-2020;14:13:46;44;-;Trovan Unique;0007A5AAD5;-;00000000;00000000;-;""
201578;05-11-2020;14:13:47;44;-;Trovan Unique;0007A5AAD5;-;00000000;00000000;-;""
201579;05-11-2020;14:13:47;44;-;Trovan Unique;0007A5AAD5;-;00000000;00000000;-;""
201580;05-11-2020;14:13:48;44;-;Trovan Unique;0007A5AAD5;-;00000000;00000000;-;""
201581;05-11-2020;14:13:49;44;-;Trovan Unique;0007A5AAD5;-;00000000;00000000;-;""
201582;05-11-2020;14:13:49;44;-;Trovan Unique;0007A5AAD5;-;00000000;00000000;-;""
201583;05-11-2020;14:13:50;44;-;Trovan Unique;0007A5AAD5;-;00000000;00000000;-;""
201584;05-11-2020;14:13:51;44;-;Trovan Unique;0007A5AAD5;-;00000000;00000000;-;""
201585;05-11-2020;14:13:51;44;-;Trovan Unique;0007A5AAD5;-;00000000;00000000;-;""
201586;05-11-2020;14:13:52;44;-;Trovan Unique;0007A5AAD5;-;00000000;00000000;-;""
201587;05-11-2020;14:13:53;44;-;Trovan Unique;0007A5AAD5;-;00000000;00000000;-;""
201588;05-11-2020;14:13:53;44;-;Trovan Unique;0007A5AAD5;-;00000000;00000000;-;""
201589;05-11-2020;14:13:54;44;-;Trovan Unique;0007A5AAD5;-;00000000;00000000;-;""
201590;05-11-2020;14:13:55;44;-;Trovan Unique;0007A5AAD5;-;00000000;00000000;-;""
201591;05-11-2020;14:14:04;44;-;Trovan Unique;0007DF1C00;-;00000000;00000000;-;""
201592;05-11-2020;14:14:04;44;-;Trovan Unique;0007DF1C00;-;00000000;00000000;-;""
201593;05-11-2020;14:14:05;44;-;Trovan Unique;0007DF1C00;-;00000000;00000000;-;""
201594;05-11-2020;14:14:06;44;-;Trovan Unique;0007DF1C00;-;00000000;00000000;-;""
201595;05-11-2020;14:14:06;44;-;Trovan Unique;0007DF1C00;-;00000000;00000000;-;""
201596;05-11-2020;14:14:07;44;-;Trovan Unique;0007DF1C00;-;00000000;00000000;-;""
201597;05-11-2020;14:14:08;44;-;Trovan Unique;0007DF1C00;-;00000000;00000000;-;""
201598;05-11-2020;14:14:08;44;-;Trovan Unique;0007DF1C00;-;00000000;00000000;-;""
201599;05-11-2020;14:15:04;43;-;Trovan Unique;0007A5AAD5;-;00000000;00000000;-;""
201600;05-11-2020;14:15:05;43;-;Trovan Unique;0007A5AAD5;-;00000000;00000000;-;""
201601;05-11-2020;14:15:05;43;-;Trovan Unique;0007A5AAD5;-;00000000;00000000;-;""
201602;05-11-2020;14:15:07;43;-;Trovan Unique;0007A5AAD5;-;00000000;00000000;-;""
201603;05-11-2020;14:15:13;43;-;Trovan Unique;0007A5AAD5;-;00000000;00000000;-;""
201604;05-11-2020;14:15:14;43;-;Trovan Unique;0007A5AAD5;-;00000000;00000000;-;""
201605;05-11-2020;14:15:14;43;-;Trovan Unique;0007A5AAD5;-;00000000;00000000;-;""
201606;05-11-2020;14:18:13;43;-;Trovan Unique;0007A5AAD5;-;00000000;00000000;-;""
201607;05-11-2020;14:18:14;43;-;Trovan Unique;0007A5AAD5;-;00000000;00000000;-;""
201608;05-11-2020;14:18:14;43;-;Trovan Unique;0007A5AAD5;-;00000000;00000000;-;""
201609;05-11-2020;14:18:15;44;-;Trovan Unique;0007A56748;-;00000000;00000000;-;""
201610;05-11-2020;14:18:15;43;-;Trovan Unique;0007A5AAD5;-;00000000;00000000;-;""
201611;05-11-2020;14:18:16;43;-;Trovan Unique;0007A5AAD5;-;00000000;00000000;-;""
201612;05-11-2020;14:30:00;44;-;Trovan Unique;0007A5AAD5;-;00000000;00000000;-;""
201613;05-11-2020;14:30:00;44;-;Trovan Unique;0007A5AAD5;-;00000000;00000000;-;""
201614;05-11-2020;14:30:01;44;-;Trovan Unique;0007A5AAD5;-;00000000;00000000;-;""
201615;05-11-2020;14:30:02;44;-;Trovan Unique;0007A5AAD5;-;00000000;00000000;-;""
201616;05-11-2020;14:30:02;44;-;Trovan Unique;0007A5AAD5;-;00000000;00000000;-;""
201617;05-11-2020;14:30:03;44;-;Trovan Unique;0007A5AAD5;-;00000000;00000000;-;""
201618;05-11-2020;14:30:03;44;-;Trovan Unique;0007A5AAD5;-;00000000;00000000;-;""
201619;05-11-2020;14:30:04;44;-;Trovan Unique;0007A5AAD5;-;00000000;00000000;-;""
201620;05-11-2020;14:30:05;44;-;Trovan Unique;0007A5AAD5;-;00000000;00000000;-;""
201621;05-11-2020;14:30:05;44;-;Trovan Unique;0007A5AAD5;-;00000000;00000000;-;""
201622;05-11-2020;14:30:06;44;-;Trovan Unique;0007A5AAD5;-;00000000;00000000;-;""
201623;05-11-2020;14:30:07;44;-;Trovan Unique;0007A5AAD5;-;00000000;00000000;-;""
201624;05-11-2020;14:31:42;44;-;Trovan Unique;0007A5CD98;-;00000000;00000000;-;""
201625;05-11-2020;14:31:42;44;-;Trovan Unique;0007A5CD98;-;00000000;00000000;-;""
201626;05-11-2020;14:31:43;44;-;Trovan Unique;0007A5CD98;-;00000000;00000000;-;""
201627;05-11-2020;14:31:44;44;-;Trovan Unique;0007A5CD98;-;00000000;00000000;-;""
201628;05-11-2020;14:31:44;44;-;Trovan Unique;0007A5CD98;-;00000000;00000000;-;""
201629;05-11-2020;14:31:45;44;-;Trovan Unique;0007A5CD98;-;00000000;00000000;-;""
201630;05-11-2020;14:31:46;44;-;Trovan Unique;0007A5CD98;-;00000000;00000000;-;""
201631;05-11-2020;14:31:46;44;-;Trovan Unique;0007A5CD98;-;00000000;00000000;-;""
201632;05-11-2020;14:31:47;44;-;Trovan Unique;0007A5CD98;-;00000000;00000000;-;""
201633;05-11-2020;14:31:48;44;-;Trovan Unique;0007A5CD98;-;00000000;00000000;-;""
201634;05-11-2020;14:31:48;44;-;Trovan Unique;0007A5CD98;-;00000000;00000000;-;""
201635;05-11-2020;14:31:49;44;-;Trovan Unique;0007A5CD98;-;00000000;00000000;-;""
201636;05-11-2020;14:31:49;44;-;Trovan Unique;0007A5CD98;-;00000000;00000000;-;""
201637;05-11-2020;14:31:50;44;-;Trovan Unique;0007A5CD98;-;00000000;00000000;-;""
201638;05-11-2020;14:31:53;44;-;Trovan Unique;0007A5CD98;-;00000000;00000000;-;""
201639;05-11-2020;14:31:59;44;-;Trovan Unique;0007EA009A;-;00000000;00000000;-;""
201640;05-11-2020;14:32:00;44;-;Trovan Unique;0007EA009A;-;00000000;00000000;-;""
201641;05-11-2020;14:32:01;44;-;Trovan Unique;0007EA009A;-;00000000;00000000;-;""
201642;05-11-2020;14:32:01;44;-;Trovan Unique;0007EA009A;-;00000000;00000000;-;""
201643;05-11-2020;14:32:02;44;-;Trovan Unique;0007EA009A;-;00000000;00000000;-;""
201644;05-11-2020;14:32:03;44;-;Trovan Unique;0007EA009A;-;00000000;00000000;-;""
201645;05-11-2020;14:32:03;44;-;Trovan Unique;0007EA009A;-;00000000;00000000;-;""
201646;05-11-2020;14:32:04;44;-;Trovan Unique;0007EA009A;-;00000000;00000000;-;""
201647;05-11-2020;14:32:05;44;-;Trovan Unique;0007A03565;-;00000000;00000000;-;""
201648;05-11-2020;14:32:06;44;-;Trovan Unique;0007A03565;-;00000000;00000000;-;""
201649;05-11-2020;14:32:07;44;-;Trovan Unique;0007EA009A;-;00000000;00000000;-;""
201650;05-11-2020;14:32:07;44;-;Trovan Unique;0007EA009A;-;00000000;00000000;-;""
201651;05-11-2020;14:32:08;44;-;Trovan Unique;0007A03565;-;00000000;00000000;-;""
201652;05-11-2020;14:32:09;44;-;Trovan Unique;0007EA009A;-;00000000;00000000;-;""
201653;05-11-2020;14:32:10;44;-;Trovan Unique;0007EA009A;-;00000000;00000000;-;""
201654;05-11-2020;14:32:10;44;-;Trovan Unique;0007EA009A;-;00000000;00000000;-;""
201655;05-11-2020;14:32:11;44;-;Trovan Unique;0007EA009A;-;00000000;00000000;-;""
201656;05-11-2020;14:32:12;44;-;Trovan Unique;0007EA009A;-;00000000;00000000;-;""
201657;05-11-2020;14:32:12;44;-;Trovan Unique;0007EA009A;-;00000000;00000000;-;""
201658;05-11-2020;14:32:13;44;-;Trovan Unique;0007EA009A;-;00000000;00000000;-;""
201659;05-11-2020;14:32:14;44;-;Trovan Unique;0007EA009A;-;00000000;00000000;-;""
201660;05-11-2020;14:32:14;44;-;Trovan Unique;0007EA009A;-;00000000;00000000;-;""
201661;05-11-2020;14:32:15;44;-;Trovan Unique;0007EA009A;-;00000000;00000000;-;""
201662;05-11-2020;14:32:16;44;-;Trovan Unique;0007EA009A;-;00000000;00000000;-;""
201663;05-11-2020;14:32:16;44;-;Trovan Unique;0007EA009A;-;00000000;00000000;-;""
201664;05-11-2020;14:32:17;44;-;Trovan Unique;0007EA009A;-;00000000;00000000;-;""
201665;05-11-2020;14:32:17;44;-;Trovan Unique;0007EA009A;-;00000000;00000000;-;""
201666;05-11-2020;14:32:18;44;-;Trovan Unique;0007EA009A;-;00000000;00000000;-;""
201667;05-11-2020;14:32:19;44;-;Trovan Unique;0007EA009A;-;00000000;00000000;-;""
201668;05-11-2020;14:32:19;44;-;Trovan Unique;0007EA009A;-;00000000;00000000;-;""
201669;05-11-2020;14:32:20;44;-;Trovan Unique;0007EA009A;-;00000000;00000000;-;""
201670;05-11-2020;14:32:21;44;-;Trovan Unique;0007EA009A;-;00000000;00000000;-;""
201671;05-11-2020;14:32:21;44;-;Trovan Unique;0007EA009A;-;00000000;00000000;-;""
201672;05-11-2020;14:32:22;44;-;Trovan Unique;0007EA009A;-;00000000;00000000;-;""
201673;05-11-2020;14:32:23;44;-;Trovan Unique;0007EA009A;-;00000000;00000000;-;""
201674;05-11-2020;14:32:23;44;-;Trovan Unique;0007EA009A;-;00000000;00000000;-;""
201675;05-11-2020;14:32:24;44;-;Trovan Unique;0007EA009A;-;00000000;00000000;-;""
201676;05-11-2020;14:32:24;44;-;Trovan Unique;0007EA009A;-;00000000;00000000;-;""
201677;05-11-2020;14:32:25;44;-;Trovan Unique;0007EA009A;-;00000000;00000000;-;""
201678;05-11-2020;14:32:26;44;-;Trovan Unique;0007EA009A;-;00000000;00000000;-;""
201679;05-11-2020;14:32:26;44;-;Trovan Unique;0007EA009A;-;00000000;00000000;-;""
201680;05-11-2020;14:32:27;44;-;Trovan Unique;0007EA009A;-;00000000;00000000;-;""
201681;05-11-2020;14:32:28;44;-;Trovan Unique;0007EA009A;-;00000000;00000000;-;""
201682;05-11-2020;14:32:28;44;-;Trovan Unique;0007EA009A;-;00000000;00000000;-;""
201683;05-11-2020;14:32:29;44;-;Trovan Unique;0007EA009A;-;00000000;00000000;-;""
201684;05-11-2020;14:32:30;44;-;Trovan Unique;0007EA009A;-;00000000;00000000;-;""
201685;05-11-2020;14:32:30;44;-;Trovan Unique;0007EA009A;-;00000000;00000000;-;""
201686;05-11-2020;14:32:31;44;-;Trovan Unique;0007EA009A;-;00000000;00000000;-;""
201687;05-11-2020;14:32:32;44;-;Trovan Unique;0007EA009A;-;00000000;00000000;-;""
201688;05-11-2020;14:32:32;44;-;Trovan Unique;0007EA009A;-;00000000;00000000;-;""
201689;05-11-2020;14:32:33;44;-;Trovan Unique;0007EA009A;-;00000000;00000000;-;""
201690;05-11-2020;14:32:34;44;-;Trovan Unique;0007EA009A;-;00000000;00000000;-;""
201691;05-11-2020;14:32:34;44;-;Trovan Unique;0007EA009A;-;00000000;00000000;-;""
201692;05-11-2020;14:32:35;44;-;Trovan Unique;0007EA009A;-;00000000;00000000;-;""
201693;05-11-2020;14:32:36;44;-;Trovan Unique;0007EA009A;-;00000000;00000000;-;""
201694;05-11-2020;14:32:36;44;-;Trovan Unique;0007EA009A;-;00000000;00000000;-;""
201695;05-11-2020;14:32:37;44;-;Trovan Unique;0007EA009A;-;00000000;00000000;-;""
201696;05-11-2020;14:32:38;44;-;Trovan Unique;0007EA009A;-;00000000;00000000;-;""
201697;05-11-2020;14:32:38;44;-;Trovan Unique;0007EA009A;-;00000000;00000000;-;""
201698;05-11-2020;14:32:39;44;-;Trovan Unique;0007EA009A;-;00000000;00000000;-;""
201699;05-11-2020;14:32:40;44;-;Trovan Unique;0007EA009A;-;00000000;00000000;-;""
201700;05-11-2020;14:32:40;44;-;Trovan Unique;0007EA009A;-;00000000;00000000;-;""
201701;05-11-2020;14:32:41;44;-;Trovan Unique;0007EA009A;-;00000000;00000000;-;""
201702;05-11-2020;14:32:42;44;-;Trovan Unique;0007EA009A;-;00000000;00000000;-;""
201703;05-11-2020;14:32:42;44;-;Trovan Unique;0007EA009A;-;00000000;00000000;-;""
201704;05-11-2020;14:33:12;43;-;Trovan Unique;0007A5AAD5;-;00000000;00000000;-;""
201705;05-11-2020;14:33:13;43;-;Trovan Unique;0007A5AAD5;-;00000000;00000000;-;""
201706;05-11-2020;14:33:13;43;-;Trovan Unique;0007A5AAD5;-;00000000;00000000;-;""
201707;05-11-2020;14:33:14;44;-;Trovan Unique;0007EA009A;-;00000000;00000000;-;""
201708;05-11-2020;14:33:14;43;-;Trovan Unique;0007A5AAD5;-;00000000;00000000;-;""
201709;05-11-2020;14:33:14;44;-;Trovan Unique;0007EA009A;-;00000000;00000000;-;""
201710;05-11-2020;14:33:15;43;-;Trovan Unique;0007A5AAD5;-;00000000;00000000;-;""
201711;05-11-2020;14:33:15;44;-;Trovan Unique;0007EA009A;-;00000000;00000000;-;""
201712;05-11-2020;14:33:15;43;-;Trovan Unique;0007A5AAD5;-;00000000;00000000;-;""
201713;05-11-2020;14:33:16;44;-;Trovan Unique;0007EA009A;-;00000000;00000000;-;""
201714;05-11-2020;14:33:16;43;-;Trovan Unique;0007A5AAD5;-;00000000;00000000;-;""
201715;05-11-2020;14:33:16;44;-;Trovan Unique;0007EA009A;-;00000000;00000000;-;""
201716;05-11-2020;14:33:17;43;-;Trovan Unique;0007E04FF8;-;00000000;00000000;-;""
201717;05-11-2020;14:33:17;44;-;Trovan Unique;0007EA009A;-;00000000;00000000;-;""
201718;05-11-2020;14:33:17;44;-;Trovan Unique;0007EA009A;-;00000000;00000000;-;""
201719;05-11-2020;14:33:17;43;-;Trovan Unique;0007E04FF8;-;00000000;00000000;-;""
201720;05-11-2020;14:33:18;43;-;Trovan Unique;0007E04FF8;-;00000000;00000000;-;""
201721;05-11-2020;14:33:19;43;-;Trovan Unique;0007E04FF8;-;00000000;00000000;-;""
201722;05-11-2020;14:34:05;44;-;Trovan Unique;0007A65EB5;-;00000000;00000000;-;""
201723;05-11-2020;14:34:06;44;-;Trovan Unique;0007A65EB5;-;00000000;00000000;-;""
201724;05-11-2020;14:34:06;44;-;Trovan Unique;0007A65EB5;-;00000000;00000000;-;""
201725;05-11-2020;14:34:07;44;-;Trovan Unique;0007A65EB5;-;00000000;00000000;-;""
201726;05-11-2020;14:34:09;44;-;Trovan Unique;0007EA009A;-;00000000;00000000;-;""
201727;05-11-2020;14:34:10;44;-;Trovan Unique;0007EA009A;-;00000000;00000000;-;""
201728;05-11-2020;14:34:12;44;-;Trovan Unique;0007A65EB5;-;00000000;00000000;-;""
201729;05-11-2020;14:34:12;44;-;Trovan Unique;0007A65EB5;-;00000000;00000000;-;""
201730;05-11-2020;14:34:13;44;-;Trovan Unique;0007A65EB5;-;00000000;00000000;-;""
201731;05-11-2020;14:34:15;44;-;Trovan Unique;0007A65EB5;-;00000000;00000000;-;""
201732;05-11-2020;14:34:15;44;-;Trovan Unique;0007A65EB5;-;00000000;00000000;-;""
201733;05-11-2020;14:34:18;44;-;Trovan Unique;0007DF1C00;-;00000000;00000000;-;""
201734;05-11-2020;14:34:22;44;-;Trovan Unique;0007A5C741;-;00000000;00000000;-;""
201735;05-11-2020;14:34:22;44;-;Trovan Unique;0007A5C741;-;00000000;00000000;-;""
201736;05-11-2020;14:34:30;44;-;Trovan Unique;0007E05866;-;00000000;00000000;-;""
201737;05-11-2020;14:34:31;44;-;Trovan Unique;0007E05866;-;00000000;00000000;-;""
201738;05-11-2020;14:34:31;44;-;Trovan Unique;0007E05866;-;00000000;00000000;-;""
201739;05-11-2020;14:34:32;44;-;Trovan Unique;0007E05866;-;00000000;00000000;-;""
201740;05-11-2020;14:34:33;44;-;Trovan Unique;0007E05866;-;00000000;00000000;-;""
201741;05-11-2020;14:34:34;44;-;Trovan Unique;0007E05866;-;00000000;00000000;-;""
201742;05-11-2020;14:34:34;44;-;Trovan Unique;0007E05866;-;00000000;00000000;-;""
201743;05-11-2020;14:34:35;44;-;Trovan Unique;0007E05866;-;00000000;00000000;-;""
201744;05-11-2020;14:34:36;44;-;Trovan Unique;0007E05866;-;00000000;00000000;-;""
201745;05-11-2020;14:34:36;44;-;Trovan Unique;0007E05866;-;00000000;00000000;-;""
201746;05-11-2020;14:34:37;44;-;Trovan Unique;0007E05866;-;00000000;00000000;-;""
201747;05-11-2020;14:34:37;44;-;Trovan Unique;0007E05866;-;00000000;00000000;-;""
201748;05-11-2020;14:34:38;44;-;Trovan Unique;0007E05866;-;00000000;00000000;-;""
201749;05-11-2020;14:34:39;44;-;Trovan Unique;0007E05866;-;00000000;00000000;-;""
201750;05-11-2020;14:34:39;44;-;Trovan Unique;0007E05866;-;00000000;00000000;-;""
201751;05-11-2020;14:34:40;44;-;Trovan Unique;0007E05866;-;00000000;00000000;-;""
201752;05-11-2020;14:34:41;44;-;Trovan Unique;0007E05866;-;00000000;00000000;-;""
201753;05-11-2020;14:34:44;44;-;Trovan Unique;0007EA009A;-;00000000;00000000;-;""
201754;05-11-2020;14:34:45;44;-;Trovan Unique;0007EA009A;-;00000000;00000000;-;""
201755;05-11-2020;14:34:45;44;-;Trovan Unique;0007EA009A;-;00000000;00000000;-;""
201756;05-11-2020;14:34:46;44;-;Trovan Unique;0007EA009A;-;00000000;00000000;-;""
201757;05-11-2020;14:34:46;44;-;Trovan Unique;0007EA009A;-;00000000;00000000;-;""
201758;05-11-2020;14:34:47;44;-;Trovan Unique;0007EA009A;-;00000000;00000000;-;""
201759;05-11-2020;14:35:05;44;-;Trovan Unique;0007EA009A;-;00000000;00000000;-;""
201760;05-11-2020;14:35:06;44;-;Trovan Unique;0007EA009A;-;00000000;00000000;-;""
201761;05-11-2020;14:35:07;44;-;Trovan Unique;0007EA009A;-;00000000;00000000;-;""
201762;05-11-2020;14:35:07;44;-;Trovan Unique;0007EA009A;-;00000000;00000000;-;""
201763;05-11-2020;14:35:08;44;-;Trovan Unique;0007EA009A;-;00000000;00000000;-;""
201764;05-11-2020;14:35:09;44;-;Trovan Unique;0007EA009A;-;00000000;00000000;-;""
201765;05-11-2020;14:35:11;44;-;Trovan Unique;0007EA009A;-;00000000;00000000;-;""
201766;05-11-2020;14:35:12;44;-;Trovan Unique;0007EA009A;-;00000000;00000000;-;""
201767;05-11-2020;14:35:12;44;-;Trovan Unique;0007EA009A;-;00000000;00000000;-;""
201768;05-11-2020;14:35:13;44;-;Trovan Unique;0007EA009A;-;00000000;00000000;-;""
201769;05-11-2020;14:35:14;44;-;Trovan Unique;0007EA009A;-;00000000;00000000;-;""
201770;05-11-2020;14:35:14;44;-;Trovan Unique;0007EA009A;-;00000000;00000000;-;""
201771;05-11-2020;14:35:15;44;-;Trovan Unique;0007EA009A;-;00000000;00000000;-;""
201772;05-11-2020;14:35:23;44;-;Trovan Unique;0007EA009A;-;00000000;00000000;-;""
201773;05-11-2020;14:35:24;44;-;Trovan Unique;0007EA009A;-;00000000;00000000;-;""
201774;05-11-2020;14:35:24;44;-;Trovan Unique;0007EA009A;-;00000000;00000000;-;""
201775;05-11-2020;14:35:25;44;-;Trovan Unique;0007EA009A;-;00000000;00000000;-;""
201776;05-11-2020;14:35:25;44;-;Trovan Unique;0007EA009A;-;00000000;00000000;-;""
201777;05-11-2020;14:35:26;44;-;Trovan Unique;0007EA009A;-;00000000;00000000;-;""
201778;05-11-2020;14:35:27;44;-;Trovan Unique;0007EA009A;-;00000000;00000000;-;""
201779;05-11-2020;14:35:27;44;-;Trovan Unique;0007EA009A;-;00000000;00000000;-;""
201780;05-11-2020;14:35:28;44;-;Trovan Unique;0007EA009A;-;00000000;00000000;-;""
201781;05-11-2020;14:35:29;44;-;Trovan Unique;0007EA009A;-;00000000;00000000;-;""
201782;05-11-2020;14:35:29;44;-;Trovan Unique;0007EA009A;-;00000000;00000000;-;""
201783;05-11-2020;14:35:30;44;-;Trovan Unique;0007EA009A;-;00000000;00000000;-;""
201784;05-11-2020;14:35:31;44;-;Trovan Unique;0007EA009A;-;00000000;00000000;-;""
201785;05-11-2020;14:35:31;44;-;Trovan Unique;0007EA009A;-;00000000;00000000;-;""
201786;05-11-2020;14:35:32;44;-;Trovan Unique;0007EA009A;-;00000000;00000000;-;""
201787;05-11-2020;14:35:33;44;-;Trovan Unique;0007EA009A;-;00000000;00000000;-;""
201788;05-11-2020;14:35:33;44;-;Trovan Unique;0007EA009A;-;00000000;00000000;-;""
201789;05-11-2020;14:35:34;44;-;Trovan Unique;0007EA009A;-;00000000;00000000;-;""
201790;05-11-2020;14:35:35;44;-;Trovan Unique;0007EA009A;-;00000000;00000000;-;""
201791;05-11-2020;14:35:35;44;-;Trovan Unique;0007EA009A;-;00000000;00000000;-;""
201792;05-11-2020;14:35:36;44;-;Trovan Unique;0007EA009A;-;00000000;00000000;-;""
201793;05-11-2020;14:35:37;44;-;Trovan Unique;0007EA009A;-;00000000;00000000;-;""
201794;05-11-2020;14:35:38;44;-;Trovan Unique;0007EA009A;-;00000000;00000000;-;""
201795;05-11-2020;14:36:13;44;-;Trovan Unique;0007EA009A;-;00000000;00000000;-;""
201796;05-11-2020;14:36:14;44;-;Trovan Unique;0007EA009A;-;00000000;00000000;-;""
201797;05-11-2020;14:36:15;44;-;Trovan Unique;0007EA009A;-;00000000;00000000;-;""
201798;05-11-2020;14:36:16;44;-;Trovan Unique;0007EA009A;-;00000000;00000000;-;""
201799;05-11-2020;14:36:17;44;-;Trovan Unique;0007EA009A;-;00000000;00000000;-;""
201800;05-11-2020;14:36:17;44;-;Trovan Unique;0007EA009A;-;00000000;00000000;-;""
201801;05-11-2020;14:36:18;44;-;Trovan Unique;0007EA009A;-;00000000;00000000;-;""
201802;05-11-2020;14:36:19;44;-;Trovan Unique;0007EA009A;-;00000000;00000000;-;""
201803;05-11-2020;14:36:19;44;-;Trovan Unique;0007EA009A;-;00000000;00000000;-;""
201804;05-11-2020;14:36:20;44;-;Trovan Unique;0007EA009A;-;00000000;00000000;-;""
201805;05-11-2020;14:36:21;44;-;Trovan Unique;0007EA009A;-;00000000;00000000;-;""
201806;05-11-2020;14:36:26;44;-;Trovan Unique;0007A5C741;-;00000000;00000000;-;""
201807;05-11-2020;14:36:27;44;-;Trovan Unique;0007A5C741;-;00000000;00000000;-;""
201808;05-11-2020;14:36:27;44;-;Trovan Unique;0007A5C741;-;00000000;00000000;-;""
201809;05-11-2020;14:36:29;44;-;Trovan Unique;0007A5C741;-;00000000;00000000;-;""
201810;05-11-2020;14:36:29;44;-;Trovan Unique;0007A5C741;-;00000000;00000000;-;""
201811;05-11-2020;14:36:30;44;-;Trovan Unique;0007A5C741;-;00000000;00000000;-;""
201812;05-11-2020;14:36:31;44;-;Trovan Unique;0007A5C741;-;00000000;00000000;-;""
201813;05-11-2020;14:36:32;44;-;Trovan Unique;0007A5C741;-;00000000;00000000;-;""
201814;05-11-2020;14:36:32;44;-;Trovan Unique;0007A5C741;-;00000000;00000000;-;""
201815;05-11-2020;14:36:33;44;-;Trovan Unique;0007A5C741;-;00000000;00000000;-;""
201816;05-11-2020;14:36:34;44;-;Trovan Unique;0007A5C741;-;00000000;00000000;-;""
201817;05-11-2020;14:36:34;44;-;Trovan Unique;0007A5C741;-;00000000;00000000;-;""
201818;05-11-2020;14:36:35;44;-;Trovan Unique;0007A5C741;-;00000000;00000000;-;""
201819;05-11-2020;14:36:36;44;-;Trovan Unique;0007A5C741;-;00000000;00000000;-;""
201820;05-11-2020;14:36:36;44;-;Trovan Unique;0007A5C741;-;00000000;00000000;-;""
201821;05-11-2020;14:36:37;44;-;Trovan Unique;0007A5C741;-;00000000;00000000;-;""
201822;05-11-2020;14:36:48;44;-;Trovan Unique;0007A5C741;-;00000000;00000000;-;""
201823;05-11-2020;14:40:25;43;-;Trovan Unique;0007DF1C00;-;00000000;00000000;-;""
201824;05-11-2020;14:40:26;43;-;Trovan Unique;0007DF1C00;-;00000000;00000000;-;""
201825;05-11-2020;14:40:26;43;-;Trovan Unique;0007DF1C00;-;00000000;00000000;-;""
201826;05-11-2020;14:40:27;43;-;Trovan Unique;0007DF1C00;-;00000000;00000000;-;""
201827;05-11-2020;14:40:28;43;-;Trovan Unique;0007DF1C00;-;00000000;00000000;-;""
201828;05-11-2020;14:40:28;43;-;Trovan Unique;0007DF1C00;-;00000000;00000000;-;""
201829;05-11-2020;14:40:29;43;-;Trovan Unique;0007DF1C00;-;00000000;00000000;-;""
201830;05-11-2020;14:40:30;43;-;Trovan Unique;0007DF1C00;-;00000000;00000000;-;""
201831;05-11-2020;14:40:30;43;-;Trovan Unique;0007DF1C00;-;00000000;00000000;-;""
201832;05-11-2020;14:40:31;43;-;Trovan Unique;0007DF1C00;-;00000000;00000000;-;""
201833;05-11-2020;14:40:31;43;-;Trovan Unique;0007DF1C00;-;00000000;00000000;-;""
201834;05-11-2020;14:41:29;43;-;Trovan Unique;0007A56748;-;00000000;00000000;-;""
201835;05-11-2020;14:41:40;43;-;Trovan Unique;0007A5AAD5;-;00000000;00000000;-;""
201836;05-11-2020;14:41:41;43;-;Trovan Unique;0007A5AAD5;-;00000000;00000000;-;""
201837;05-11-2020;14:41:41;43;-;Trovan Unique;0007A5AAD5;-;00000000;00000000;-;""
201838;05-11-2020;14:41:42;43;-;Trovan Unique;0007A5AAD5;-;00000000;00000000;-;""
201839;05-11-2020;14:41:43;43;-;Trovan Unique;0007A5AAD5;-;00000000;00000000;-;""
201840;05-11-2020;14:41:43;43;-;Trovan Unique;0007A5AAD5;-;00000000;00000000;-;""
201841;05-11-2020;14:41:44;43;-;Trovan Unique;0007A5AAD5;-;00000000;00000000;-;""
201842;05-11-2020;14:41:44;43;-;Trovan Unique;0007A5AAD5;-;00000000;00000000;-;""
201843;05-11-2020;14:41:45;43;-;Trovan Unique;0007A5AAD5;-;00000000;00000000;-;""
201844;05-11-2020;14:41:46;43;-;Trovan Unique;0007A5AAD5;-;00000000;00000000;-;""
201845;05-11-2020;14:41:46;43;-;Trovan Unique;0007A5AAD5;-;00000000;00000000;-;""
201846;05-11-2020;14:41:47;43;-;Trovan Unique;0007A5AAD5;-;00000000;00000000;-;""
201847;05-11-2020;14:41:48;43;-;Trovan Unique;0007A5AAD5;-;00000000;00000000;-;""
201848;05-11-2020;14:41:48;43;-;Trovan Unique;0007A5AAD5;-;00000000;00000000;-;""
201849;05-11-2020;14:41:49;43;-;Trovan Unique;0007A5AAD5;-;00000000;00000000;-;""
201850;05-11-2020;14:41:50;43;-;Trovan Unique;0007A5AAD5;-;00000000;00000000;-;""
201851;05-11-2020;14:42:25;44;-;Trovan Unique;0007DF1671;-;00000000;00000000;-;""
201852;05-11-2020;14:42:26;44;-;Trovan Unique;0007DF1671;-;00000000;00000000;-;""
201853;05-11-2020;14:42:27;44;-;Trovan Unique;0007DF1671;-;00000000;00000000;-;""
201854;05-11-2020;14:42:27;44;-;Trovan Unique;0007DF1671;-;00000000;00000000;-;""
201855;05-11-2020;14:42:28;44;-;Trovan Unique;0007DF1671;-;00000000;00000000;-;""
201856;05-11-2020;14:42:29;44;-;Trovan Unique;0007DF1671;-;00000000;00000000;-;""
201857;05-11-2020;14:43:18;35;-;Trovan Unique;0007D4EBD9;-;00000000;00000000;-;""
201858;05-11-2020;14:43:19;35;-;Trovan Unique;0007D4EBD9;-;00000000;00000000;-;""
201859;05-11-2020;14:43:19;35;-;Trovan Unique;0007D4EBD9;-;00000000;00000000;-;""
201860;05-11-2020;14:43:20;35;-;Trovan Unique;0007D4EBD9;-;00000000;00000000;-;""
201861;05-11-2020;14:43:20;35;-;Trovan Unique;0007D4EBD9;-;00000000;00000000;-;""
201862;05-11-2020;14:43:21;35;-;Trovan Unique;0007D4EBD9;-;00000000;00000000;-;""
201863;05-11-2020;14:43:21;35;-;Trovan Unique;0007D4EBD9;-;00000000;00000000;-;""
201864;05-11-2020;14:43:22;35;-;Trovan Unique;0007D4EBD9;-;00000000;00000000;-;""
201865;05-11-2020;14:43:22;35;-;Trovan Unique;0007D4EBD9;-;00000000;00000000;-;""
201866;05-11-2020;14:43:24;35;-;Trovan Unique;0007D4EBD9;-;00000000;00000000;-;""
201867;05-11-2020;14:43:24;35;-;Trovan Unique;0007D4EBD9;-;00000000;00000000;-;""
201868;05-11-2020;14:43:25;35;-;Trovan Unique;0007D4EBD9;-;00000000;00000000;-;""
201869;05-11-2020;14:43:25;35;-;Trovan Unique;0007D4EBD9;-;00000000;00000000;-;""
201870;05-11-2020;14:43:51;33;-;Trovan Unique;0007A5D5D1;-;00000000;00000000;-;""
201871;05-11-2020;14:43:52;33;-;Trovan Unique;0007A5D5D1;-;00000000;00000000;-;""
201872;05-11-2020;14:43:53;33;-;Trovan Unique;0007A5D5D1;-;00000000;00000000;-;""
201873;05-11-2020;14:43:53;33;-;Trovan Unique;0007A5D5D1;-;00000000;00000000;-;""
201874;05-11-2020;14:43:54;33;-;Trovan Unique;0007A5D5D1;-;00000000;00000000;-;""
201875;05-11-2020;14:43:54;33;-;Trovan Unique;0007A5D5D1;-;00000000;00000000;-;""
201876;05-11-2020;14:43:55;33;-;Trovan Unique;0007A5D5D1;-;00000000;00000000;-;""
201877;05-11-2020;14:44:52;43;-;Trovan Unique;0007DEB6AC;-;00000000;00000000;-;""
201878;05-11-2020;14:44:53;43;-;Trovan Unique;0007DEB6AC;-;00000000;00000000;-;""
201879;05-11-2020;14:44:53;43;-;Trovan Unique;0007DEB6AC;-;00000000;00000000;-;""
201880;05-11-2020;14:44:54;43;-;Trovan Unique;0007DEB6AC;-;00000000;00000000;-;""
201881;05-11-2020;14:44:55;43;-;Trovan Unique;0007DEB6AC;-;00000000;00000000;-;""
201882;05-11-2020;14:44:55;43;-;Trovan Unique;0007DEB6AC;-;00000000;00000000;-;""
201883;05-11-2020;14:44:56;43;-;Trovan Unique;0007DEB6AC;-;00000000;00000000;-;""
201884;05-11-2020;14:44:57;43;-;Trovan Unique;0007DEB6AC;-;00000000;00000000;-;""
201885;05-11-2020;14:44:57;43;-;Trovan Unique;0007DEB6AC;-;00000000;00000000;-;""
201886;05-11-2020;14:44:58;43;-;Trovan Unique;0007DEB6AC;-;00000000;00000000;-;""
201887;05-11-2020;14:44:58;43;-;Trovan Unique;0007DEB6AC;-;00000000;00000000;-;""
201888;05-11-2020;14:45:00;43;-;Trovan Unique;0007DEB6AC;-;00000000;00000000;-;""
201889;05-11-2020;14:45:00;43;-;Trovan Unique;0007DEB6AC;-;00000000;00000000;-;""
201890;05-11-2020;14:50:10;44;-;Trovan Unique;0007A5AAD5;-;00000000;00000000;-;""
201891;05-11-2020;14:50:58;44;-;Trovan Unique;0007A65EB5;-;00000000;00000000;-;""
201892;05-11-2020;14:50:59;44;-;Trovan Unique;0007A65EB5;-;00000000;00000000;-;""
201893;05-11-2020;14:50:59;44;-;Trovan Unique;0007A65EB5;-;00000000;00000000;-;""
201894;05-11-2020;14:51:00;44;-;Trovan Unique;0007A65EB5;-;00000000;00000000;-;""
201895;05-11-2020;14:51:00;44;-;Trovan Unique;0007A65EB5;-;00000000;00000000;-;""
201896;05-11-2020;14:51:01;44;-;Trovan Unique;0007A65EB5;-;00000000;00000000;-;""
201897;05-11-2020;14:51:02;44;-;Trovan Unique;0007A65EB5;-;00000000;00000000;-;""
201898;05-11-2020;14:51:02;44;-;Trovan Unique;0007A65EB5;-;00000000;00000000;-;""
201899;05-11-2020;14:51:03;44;-;Trovan Unique;0007A65EB5;-;00000000;00000000;-;""
201900;05-11-2020;14:51:04;44;-;Trovan Unique;0007A65EB5;-;00000000;00000000;-;""
201901;05-11-2020;14:51:04;44;-;Trovan Unique;0007A65EB5;-;00000000;00000000;-;""
201902;05-11-2020;14:51:05;44;-;Trovan Unique;0007A65EB5;-;00000000;00000000;-;""
201903;05-11-2020;14:51:06;44;-;Trovan Unique;0007A65EB5;-;00000000;00000000;-;""
201904;05-11-2020;14:51:07;44;-;Trovan Unique;0007A65EB5;-;00000000;00000000;-;""
201905;05-11-2020;14:51:07;44;-;Trovan Unique;0007A65EB5;-;00000000;00000000;-;""
201906;05-11-2020;14:51:08;44;-;Trovan Unique;0007A65EB5;-;00000000;00000000;-;""
201907;05-11-2020;14:51:09;44;-;Trovan Unique;0007A65EB5;-;00000000;00000000;-;""
201908;05-11-2020;14:51:10;44;-;Trovan Unique;0007A65EB5;-;00000000;00000000;-;""
201909;05-11-2020;14:51:11;44;-;Trovan Unique;0007A65EB5;-;00000000;00000000;-;""
201910;05-11-2020;14:51:11;44;-;Trovan Unique;0007E05866;-;00000000;00000000;-;""
201911;05-11-2020;14:51:12;44;-;Trovan Unique;0007E05866;-;00000000;00000000;-;""
201912;05-11-2020;14:51:13;44;-;Trovan Unique;0007E05866;-;00000000;00000000;-;""
201913;05-11-2020;14:51:13;44;-;Trovan Unique;0007E05866;-;00000000;00000000;-;""
201914;05-11-2020;14:51:14;44;-;Trovan Unique;0007E05866;-;00000000;00000000;-;""
201915;05-11-2020;14:51:15;44;-;Trovan Unique;0007E05866;-;00000000;00000000;-;""
201916;05-11-2020;14:51:15;44;-;Trovan Unique;0007E05866;-;00000000;00000000;-;""
201917;05-11-2020;14:51:16;44;-;Trovan Unique;0007E05866;-;00000000;00000000;-;""
201918;05-11-2020;14:51:17;44;-;Trovan Unique;0007E05866;-;00000000;00000000;-;""
201919;05-11-2020;14:51:17;44;-;Trovan Unique;0007E05866;-;00000000;00000000;-;""
201920;05-11-2020;14:51:20;44;-;Trovan Unique;0007E05866;-;00000000;00000000;-;""
201921;05-11-2020;14:51:21;44;-;Trovan Unique;0007E05866;-;00000000;00000000;-;""
201922;05-11-2020;14:51:21;44;-;Trovan Unique;0007E05866;-;00000000;00000000;-;""
201923;05-11-2020;14:51:22;44;-;Trovan Unique;0007E05866;-;00000000;00000000;-;""
201924;05-11-2020;14:51:22;44;-;Trovan Unique;0007E05866;-;00000000;00000000;-;""
201925;05-11-2020;14:51:47;44;-;Trovan Unique;0007A65EB5;-;00000000;00000000;-;""
201926;05-11-2020;14:51:48;44;-;Trovan Unique;0007A65EB5;-;00000000;00000000;-;""
201927;05-11-2020;14:51:49;44;-;Trovan Unique;0007A65EB5;-;00000000;00000000;-;""
201928;05-11-2020;14:51:49;44;-;Trovan Unique;0007A65EB5;-;00000000;00000000;-;""
201929;05-11-2020;14:51:50;44;-;Trovan Unique;0007A65EB5;-;00000000;00000000;-;""
201930;05-11-2020;14:51:51;44;-;Trovan Unique;0007D3ECE8;-;00000000;00000000;-;""
201931;05-11-2020;14:51:52;44;-;Trovan Unique;0007D3ECE8;-;00000000;00000000;-;""
201932;05-11-2020;14:51:53;44;-;Trovan Unique;0007D3ECE8;-;00000000;00000000;-;""
201933;05-11-2020;14:51:54;44;-;Trovan Unique;0007A65EB5;-;00000000;00000000;-;""
201934;05-11-2020;14:51:54;44;-;Trovan Unique;0007A03565;-;00000000;00000000;-;""
201935;05-11-2020;14:51:55;44;-;Trovan Unique;0007A03565;-;00000000;00000000;-;""
201936;05-11-2020;14:52:02;44;-;Trovan Unique;0007A03565;-;00000000;00000000;-;""
201937;05-11-2020;14:52:11;44;-;Trovan Unique;0007EA009A;-;00000000;00000000;-;""
201938;05-11-2020;14:52:17;44;-;Trovan Unique;0007EA009A;-;00000000;00000000;-;""
201939;05-11-2020;14:52:25;44;-;Trovan Unique;0007E4CFFA;-;00000000;00000000;-;""
201940;05-11-2020;14:52:34;44;-;Trovan Unique;0007DF9187;-;00000000;00000000;-;""
201941;05-11-2020;14:52:34;44;-;Trovan Unique;0007DF9187;-;00000000;00000000;-;""
201942;05-11-2020;14:52:37;44;-;Trovan Unique;0007DF9187;-;00000000;00000000;-;""
201943;05-11-2020;14:52:52;44;-;Trovan Unique;0007DF9187;-;00000000;00000000;-;""
201944;05-11-2020;14:52:52;44;-;Trovan Unique;0007DF9187;-;00000000;00000000;-;""
201945;05-11-2020;14:52:53;44;-;Trovan Unique;0007DF9187;-;00000000;00000000;-;""
201946;05-11-2020;14:52:54;44;-;Trovan Unique;0007DF9187;-;00000000;00000000;-;""
201947;05-11-2020;14:52:54;44;-;Trovan Unique;0007DF9187;-;00000000;00000000;-;""
201948;05-11-2020;14:52:55;44;-;Trovan Unique;0007DF9187;-;00000000;00000000;-;""
201949;05-11-2020;14:52:55;44;-;Trovan Unique;0007DF9187;-;00000000;00000000;-;""
201950;05-11-2020;14:52:56;44;-;Trovan Unique;0007DF9187;-;00000000;00000000;-;""
201951;05-11-2020;14:52:57;44;-;Trovan Unique;0007DF9187;-;00000000;00000000;-;""
201952;05-11-2020;14:52:57;44;-;Trovan Unique;0007DF9187;-;00000000;00000000;-;""
201953;05-11-2020;14:52:58;44;-;Trovan Unique;0007DF9187;-;00000000;00000000;-;""
201954;05-11-2020;14:52:59;44;-;Trovan Unique;0007DF9187;-;00000000;00000000;-;""
201955;05-11-2020;14:53:58;41;-;Trovan Unique;0007A5AAD5;-;00000000;00000000;-;""
201956;05-11-2020;14:53:58;41;-;Trovan Unique;0007A5AAD5;-;00000000;00000000;-;""
201957;05-11-2020;14:53:59;41;-;Trovan Unique;0007A5AAD5;-;00000000;00000000;-;""
201958;05-11-2020;14:54:00;41;-;Trovan Unique;0007A5AAD5;-;00000000;00000000;-;""
201959;05-11-2020;14:54:01;41;-;Trovan Unique;0007A5AAD5;-;00000000;00000000;-;""
201960;05-11-2020;14:54:02;41;-;Trovan Unique;0007A5AAD5;-;00000000;00000000;-;""
201961;05-11-2020;14:54:02;41;-;Trovan Unique;0007A5AAD5;-;00000000;00000000;-;""
201962;05-11-2020;14:54:30;42;-;Trovan Unique;0007A5AAD5;-;00000000;00000000;-;""
201963;05-11-2020;14:54:31;42;-;Trovan Unique;0007A5AAD5;-;00000000;00000000;-;""
201964;05-11-2020;14:54:31;42;-;Trovan Unique;0007A5AAD5;-;00000000;00000000;-;""
201965;05-11-2020;14:54:32;42;-;Trovan Unique;0007A5AAD5;-;00000000;00000000;-;""
201966;05-11-2020;14:54:33;42;-;Trovan Unique;0007A5AAD5;-;00000000;00000000;-;""
201967;05-11-2020;14:54:42;42;-;Trovan Unique;0007A56748;-;00000000;00000000;-;""
201968;05-11-2020;14:54:43;42;-;Trovan Unique;0007A56748;-;00000000;00000000;-;""
201969;05-11-2020;14:54:43;42;-;Trovan Unique;0007A56748;-;00000000;00000000;-;""
201970;05-11-2020;14:55:31;43;-;Trovan Unique;0007A5C741;-;00000000;00000000;-;""
201971;05-11-2020;14:55:32;43;-;Trovan Unique;0007A5C741;-;00000000;00000000;-;""
201972;05-11-2020;14:55:32;43;-;Trovan Unique;0007A5C741;-;00000000;00000000;-;""
201973;05-11-2020;14:55:33;43;-;Trovan Unique;0007A5C741;-;00000000;00000000;-;""
201974;05-11-2020;14:55:34;43;-;Trovan Unique;0007A5C741;-;00000000;00000000;-;""
201975;05-11-2020;14:55:34;43;-;Trovan Unique;0007A5C741;-;00000000;00000000;-;""
201976;05-11-2020;14:55:35;43;-;Trovan Unique;0007A5C741;-;00000000;00000000;-;""
201977;05-11-2020;14:55:36;43;-;Trovan Unique;0007A5C741;-;00000000;00000000;-;""
201978;05-11-2020;14:55:36;43;-;Trovan Unique;0007A5C741;-;00000000;00000000;-;""
201979;05-11-2020;14:55:37;43;-;Trovan Unique;0007A5C741;-;00000000;00000000;-;""
201980;05-11-2020;14:55:37;43;-;Trovan Unique;0007A5C741;-;00000000;00000000;-;""
201981;05-11-2020;14:55:38;43;-;Trovan Unique;0007A5C741;-;00000000;00000000;-;""
201982;05-11-2020;14:55:41;42;-;Trovan Unique;0007DF9187;-;00000000;00000000;-;""
201983;05-11-2020;14:55:42;42;-;Trovan Unique;0007DF9187;-;00000000;00000000;-;""
201984;05-11-2020;14:55:43;42;-;Trovan Unique;0007DF9187;-;00000000;00000000;-;""
201985;05-11-2020;14:55:43;42;-;Trovan Unique;0007DF9187;-;00000000;00000000;-;""
201986;05-11-2020;14:55:44;42;-;Trovan Unique;0007DF9187;-;00000000;00000000;-;""
201987;05-11-2020;14:55:44;42;-;Trovan Unique;0007DF9187;-;00000000;00000000;-;""
201988;05-11-2020;14:55:45;42;-;Trovan Unique;0007DF9187;-;00000000;00000000;-;""
201989;05-11-2020;14:55:46;42;-;Trovan Unique;0007DF9187;-;00000000;00000000;-;""
201990;05-11-2020;14:55:46;42;-;Trovan Unique;0007DF9187;-;00000000;00000000;-;""
201991;05-11-2020;14:55:47;42;-;Trovan Unique;0007DF9187;-;00000000;00000000;-;""
201992;05-11-2020;14:55:47;42;-;Trovan Unique;0007DF9187;-;00000000;00000000;-;""
201993;05-11-2020;14:55:48;42;-;Trovan Unique;0007DF9187;-;00000000;00000000;-;""
201994;05-11-2020;14:55:49;42;-;Trovan Unique;0007DF9187;-;00000000;00000000;-;""
201995;05-11-2020;14:55:52;42;-;Trovan Unique;0007DF9187;-;00000000;00000000;-;""
201996;05-11-2020;14:55:52;42;-;Trovan Unique;0007DF9187;-;00000000;00000000;-;""
201997;05-11-2020;14:55:53;42;-;Trovan Unique;0007DF9187;-;00000000;00000000;-;""
201998;05-11-2020;14:55:54;42;-;Trovan Unique;0007DF9187;-;00000000;00000000;-;""
201999;05-11-2020;14:55:54;42;-;Trovan Unique;0007DF9187;-;00000000;00000000;-;""
202000;05-11-2020;14:55:55;42;-;Trovan Unique;0007DF9187;-;00000000;00000000;-;""
202001;05-11-2020;14:55:56;42;-;Trovan Unique;0007DF9187;-;00000000;00000000;-;""
202002;05-11-2020;14:55:59;42;-;Trovan Unique;0007DF9187;-;00000000;00000000;-;""
202003;05-11-2020;14:55:59;42;-;Trovan Unique;0007DF9187;-;00000000;00000000;-;""
202004;05-11-2020;14:56:00;42;-;Trovan Unique;0007DF9187;-;00000000;00000000;-;""
202005;05-11-2020;14:56:02;42;-;Trovan Unique;0007D3ECE8;-;00000000;00000000;-;""
202006;05-11-2020;14:56:03;42;-;Trovan Unique;0007D3ECE8;-;00000000;00000000;-;""
202007;05-11-2020;14:56:03;42;-;Trovan Unique;0007D3ECE8;-;00000000;00000000;-;""
202008;05-11-2020;14:56:04;42;-;Trovan Unique;0007D3ECE8;-;00000000;00000000;-;""
202009;05-11-2020;14:56:05;42;-;Trovan Unique;0007D3ECE8;-;00000000;00000000;-;""
202010;05-11-2020;14:56:05;42;-;Trovan Unique;0007D3ECE8;-;00000000;00000000;-;""
202011;05-11-2020;14:56:06;42;-;Trovan Unique;0007D3ECE8;-;00000000;00000000;-;""
202012;05-11-2020;14:56:07;42;-;Trovan Unique;0007D3ECE8;-;00000000;00000000;-;""
202013;05-11-2020;14:56:08;42;-;Trovan Unique;0007DEB6AC;-;00000000;00000000;-;""
202014;05-11-2020;14:56:09;42;-;Trovan Unique;0007E4CFFA;-;00000000;00000000;-;""
202015;05-11-2020;14:56:10;42;-;Trovan Unique;0007E4CFFA;-;00000000;00000000;-;""
202016;05-11-2020;14:56:10;42;-;Trovan Unique;0007E4CFFA;-;00000000;00000000;-;""
202017;05-11-2020;14:56:14;42;-;Trovan Unique;0007D3ECE8;-;00000000;00000000;-;""
202018;05-11-2020;14:56:16;42;-;Trovan Unique;0007A5CD98;-;00000000;00000000;-;""
202019;05-11-2020;14:56:16;42;-;Trovan Unique;0007A5CD98;-;00000000;00000000;-;""
202020;05-11-2020;14:56:17;42;-;Trovan Unique;0007A5CD98;-;00000000;00000000;-;""
202021;05-11-2020;14:56:17;42;-;Trovan Unique;0007A5CD98;-;00000000;00000000;-;""
202022;05-11-2020;14:56:18;42;-;Trovan Unique;0007A5CD98;-;00000000;00000000;-;""
202023;05-11-2020;14:56:19;42;-;Trovan Unique;0007A5CD98;-;00000000;00000000;-;""
202024;05-11-2020;14:56:21;42;-;Trovan Unique;0007A5CD98;-;00000000;00000000;-;""
202025;05-11-2020;14:56:22;42;-;Trovan Unique;0007A5CD98;-;00000000;00000000;-;""
202026;05-11-2020;14:56:22;42;-;Trovan Unique;0007A5CD98;-;00000000;00000000;-;""
202027;05-11-2020;14:56:23;42;-;Trovan Unique;0007A5CD98;-;00000000;00000000;-;""
202028;05-11-2020;14:56:24;42;-;Trovan Unique;0007A5CD98;-;00000000;00000000;-;""
202029;05-11-2020;14:57:03;42;-;Trovan Unique;0007A03565;-;00000000;00000000;-;""
202030;05-11-2020;14:57:04;42;-;Trovan Unique;0007A03565;-;00000000;00000000;-;""
202031;05-11-2020;14:57:05;42;-;Trovan Unique;0007A03565;-;00000000;00000000;-;""
202032;05-11-2020;14:58:34;42;-;Trovan Unique;0007A5AAD5;-;00000000;00000000;-;""
202033;05-11-2020;14:58:35;42;-;Trovan Unique;0007A5AAD5;-;00000000;00000000;-;""
202034;05-11-2020;14:58:36;42;-;Trovan Unique;0007A5AAD5;-;00000000;00000000;-;""
202035;05-11-2020;14:58:36;42;-;Trovan Unique;0007A5AAD5;-;00000000;00000000;-;""
202036;05-11-2020;14:58:37;42;-;Trovan Unique;0007A56748;-;00000000;00000000;-;""
202037;05-11-2020;14:58:38;42;-;Trovan Unique;0007A56748;-;00000000;00000000;-;""
202038;05-11-2020;14:58:38;42;-;Trovan Unique;0007A56748;-;00000000;00000000;-;""
202039;05-11-2020;14:58:40;41;-;Trovan Unique;0007D3ECE8;-;00000000;00000000;-;""
202040;05-11-2020;14:58:41;41;-;Trovan Unique;0007D3ECE8;-;00000000;00000000;-;""
202041;05-11-2020;14:58:41;41;-;Trovan Unique;0007D3ECE8;-;00000000;00000000;-;""
202042;05-11-2020;14:58:42;41;-;Trovan Unique;0007D3ECE8;-;00000000;00000000;-;""
202043;05-11-2020;14:58:43;41;-;Trovan Unique;0007D3ECE8;-;00000000;00000000;-;""
202044;05-11-2020;14:58:43;41;-;Trovan Unique;0007D3ECE8;-;00000000;00000000;-;""
202045;05-11-2020;14:59:23;41;-;Trovan Unique;0007A03565;-;00000000;00000000;-;""
202046;05-11-2020;14:59:24;41;-;Trovan Unique;0007A03565;-;00000000;00000000;-;""
