Identifier,Date,Time,Unit number,Antenna number,Transponder type,Transponder code,Weight,Input status,Output status,Event,GPS coordinates
14354,14/04/2020,00:02:11,44,-,Trovan Unique,0007A5D910,-,0,0,-,
14355,14/04/2020,00:02:12,44,-,Trovan Unique,0007A5D910,-,0,0,-,
14356,14/04/2020,00:02:13,44,-,Trovan Unique,0007A5D910,-,0,0,-,
14357,14/04/2020,00:02:13,44,-,Trovan Unique,0007A5D910,-,0,0,-,
14358,14/04/2020,00:02:14,44,-,Trovan Unique,0007A5D910,-,0,0,-,
14359,14/04/2020,00:02:15,44,-,Trovan Unique,0007A5D910,-,0,0,-,
14360,14/04/2020,00:02:15,44,-,Trovan Unique,0007A5D910,-,0,0,-,
14361,14/04/2020,00:02:16,44,-,Trovan Unique,0007A5D910,-,0,0,-,
14362,14/04/2020,00:02:17,44,-,Trovan Unique,0007A5D910,-,0,0,-,
14363,14/04/2020,00:02:17,44,-,Trovan Unique,0007A5D910,-,0,0,-,
14364,14/04/2020,00:02:34,43,-,Trovan Unique,0007A5D910,-,0,0,-,
14365,14/04/2020,00:02:40,43,-,Trovan Unique,0007A5D910,-,0,0,-,
14366,14/04/2020,00:02:41,43,-,Trovan Unique,0007A5D910,-,0,0,-,
14367,14/04/2020,00:02:42,43,-,Trovan Unique,0007A5D910,-,0,0,-,
14368,14/04/2020,00:02:42,43,-,Trovan Unique,0007A5D910,-,0,0,-,
14369,14/04/2020,00:02:43,43,-,Trovan Unique,0007A5D910,-,0,0,-,
14370,14/04/2020,00:02:58,43,-,Trovan Unique,0007A5D910,-,0,0,-,
14371,14/04/2020,00:02:59,43,-,Trovan Unique,0007A5D910,-,0,0,-,
14372,14/04/2020,00:02:59,43,-,Trovan Unique,0007A5D910,-,0,0,-,
14373,14/04/2020,00:04:02,43,-,Trovan Unique,0007A5DC7A,-,0,0,-,
14374,14/04/2020,00:04:03,43,-,Trovan Unique,0007A5DC7A,-,0,0,-,
14375,14/04/2020,00:04:04,43,-,Trovan Unique,0007A5DC7A,-,0,0,-,
14376,14/04/2020,00:04:04,43,-,Trovan Unique,0007A5DC7A,-,0,0,-,
14377,14/04/2020,00:04:05,43,-,Trovan Unique,0007A5DC7A,-,0,0,-,
14378,14/04/2020,00:04:05,43,-,Trovan Unique,0007A5DC7A,-,0,0,-,
14379,14/04/2020,00:04:06,43,-,Trovan Unique,0007A5DC7A,-,0,0,-,
14380,14/04/2020,00:04:07,43,-,Trovan Unique,0007A5DC7A,-,0,0,-,
14381,14/04/2020,00:04:07,43,-,Trovan Unique,0007A5DC7A,-,0,0,-,
14382,14/04/2020,00:04:08,43,-,Trovan Unique,0007A5DC7A,-,0,0,-,
14383,14/04/2020,00:04:09,43,-,Trovan Unique,0007A5DC7A,-,0,0,-,
14384,14/04/2020,00:04:42,43,-,Trovan Unique,0007A5D910,-,0,0,-,
14385,14/04/2020,00:04:43,43,-,Trovan Unique,0007A5D910,-,0,0,-,
14386,14/04/2020,00:04:43,43,-,Trovan Unique,0007A5D910,-,0,0,-,
14387,14/04/2020,00:04:44,43,-,Trovan Unique,0007A5D910,-,0,0,-,
14388,14/04/2020,00:04:45,43,-,Trovan Unique,0007A5D910,-,0,0,-,
14389,14/04/2020,00:05:02,44,-,Trovan Unique,0007A5D910,-,0,0,-,
14390,14/04/2020,00:05:06,44,-,Trovan Unique,0007A5D910,-,0,0,-,
14391,14/04/2020,00:05:06,44,-,Trovan Unique,0007A5D910,-,0,0,-,
14392,14/04/2020,00:05:07,44,-,Trovan Unique,0007A5D910,-,0,0,-,
14393,14/04/2020,00:05:08,44,-,Trovan Unique,0007A5D910,-,0,0,-,
14394,14/04/2020,00:08:40,43,-,Trovan Unique,0007A5C777,-,0,0,-,
14395,14/04/2020,00:08:41,43,-,Trovan Unique,0007A5C777,-,0,0,-,
14396,14/04/2020,00:08:41,43,-,Trovan Unique,0007A5C777,-,0,0,-,
14397,14/04/2020,00:11:46,44,-,Trovan Unique,0007A5D910,-,0,0,-,
14398,14/04/2020,00:16:01,43,-,Trovan Unique,0007A5C777,-,0,0,-,
14399,14/04/2020,00:16:02,43,-,Trovan Unique,0007A5C777,-,0,0,-,
14400,14/04/2020,00:16:02,43,-,Trovan Unique,0007A5C777,-,0,0,-,
14401,14/04/2020,00:16:03,43,-,Trovan Unique,0007A5C777,-,0,0,-,
14402,14/04/2020,00:16:04,43,-,Trovan Unique,0007A5C777,-,0,0,-,
14403,14/04/2020,00:16:04,43,-,Trovan Unique,0007A5C777,-,0,0,-,
14404,14/04/2020,00:16:08,43,-,Trovan Unique,0007A5C777,-,0,0,-,
14405,14/04/2020,00:16:09,43,-,Trovan Unique,0007A5C777,-,0,0,-,
14406,14/04/2020,00:16:10,43,-,Trovan Unique,0007A5C777,-,0,0,-,
14407,14/04/2020,00:16:10,43,-,Trovan Unique,0007A5C777,-,0,0,-,
14408,14/04/2020,00:16:11,43,-,Trovan Unique,0007A5C777,-,0,0,-,
14409,14/04/2020,00:16:11,43,-,Trovan Unique,0007A5C777,-,0,0,-,
14410,14/04/2020,00:16:12,43,-,Trovan Unique,0007A5C777,-,0,0,-,
14411,14/04/2020,00:16:13,43,-,Trovan Unique,0007A5C777,-,0,0,-,
14412,14/04/2020,00:16:13,43,-,Trovan Unique,0007A5C777,-,0,0,-,
14413,14/04/2020,00:16:14,43,-,Trovan Unique,0007A5C777,-,0,0,-,
14414,14/04/2020,00:16:15,43,-,Trovan Unique,0007A5C777,-,0,0,-,
14415,14/04/2020,00:16:15,43,-,Trovan Unique,0007A5C777,-,0,0,-,
14416,14/04/2020,00:16:16,43,-,Trovan Unique,0007A5C777,-,0,0,-,
14417,14/04/2020,00:16:17,43,-,Trovan Unique,0007A5C777,-,0,0,-,
14418,14/04/2020,00:16:17,43,-,Trovan Unique,0007A5C777,-,0,0,-,
14419,14/04/2020,00:17:22,42,-,Trovan Unique,0007A5C777,-,0,0,-,
14420,14/04/2020,00:17:23,42,-,Trovan Unique,0007A5C777,-,0,0,-,
14421,14/04/2020,00:20:26,41,-,Trovan Unique,0007A5DF09,-,0,0,-,
14422,14/04/2020,00:23:03,35,-,Trovan Unique,0007A5DF09,-,0,0,-,
14423,14/04/2020,00:28:53,32,-,Trovan Unique,0007A5CEFA,-,0,0,-,
14424,14/04/2020,00:36:33,43,-,Trovan Unique,0007A5C777,-,0,0,-,
14425,14/04/2020,00:36:34,43,-,Trovan Unique,0007A5C777,-,0,0,-,
14426,14/04/2020,00:43:23,43,-,Trovan Unique,0007A5C777,-,0,0,-,
14427,14/04/2020,00:43:24,43,-,Trovan Unique,0007A5C777,-,0,0,-,
14428,14/04/2020,00:45:34,43,-,Trovan Unique,0007A5DC7A,-,0,0,-,
14429,14/04/2020,00:45:34,43,-,Trovan Unique,0007A5DC7A,-,0,0,-,
14430,14/04/2020,00:45:35,43,-,Trovan Unique,0007A5DC7A,-,0,0,-,
14431,14/04/2020,00:47:06,44,-,Trovan Unique,0007A5D910,-,0,0,-,
14432,14/04/2020,00:47:07,44,-,Trovan Unique,0007A5D910,-,0,0,-,
14433,14/04/2020,00:47:07,44,-,Trovan Unique,0007A5D910,-,0,0,-,
14434,14/04/2020,00:47:08,44,-,Trovan Unique,0007A5D910,-,0,0,-,
14435,14/04/2020,00:47:09,44,-,Trovan Unique,0007A5D910,-,0,0,-,
14436,14/04/2020,00:47:09,44,-,Trovan Unique,0007A5D910,-,0,0,-,
14437,14/04/2020,00:47:19,44,-,Trovan Unique,0007A5D910,-,0,0,-,
14438,14/04/2020,00:47:20,44,-,Trovan Unique,0007A5D910,-,0,0,-,
14439,14/04/2020,00:47:20,44,-,Trovan Unique,0007A5D910,-,0,0,-,
14440,14/04/2020,00:47:21,44,-,Trovan Unique,0007A5D910,-,0,0,-,
14441,14/04/2020,00:47:22,44,-,Trovan Unique,0007A5D910,-,0,0,-,
14442,14/04/2020,00:47:22,44,-,Trovan Unique,0007A5D910,-,0,0,-,
14443,14/04/2020,00:47:50,35,-,Trovan Unique,0007A5DF09,-,0,0,-,
14444,14/04/2020,00:48:15,43,-,Trovan Unique,0007A5DC7A,-,0,0,-,
14445,14/04/2020,00:48:15,43,-,Trovan Unique,0007A5DC7A,-,0,0,-,
14446,14/04/2020,00:48:16,43,-,Trovan Unique,0007A5DC7A,-,0,0,-,
14447,14/04/2020,00:48:17,43,-,Trovan Unique,0007A5DC7A,-,0,0,-,
14448,14/04/2020,00:48:17,43,-,Trovan Unique,0007A5DC7A,-,0,0,-,
14449,14/04/2020,00:48:18,43,-,Trovan Unique,0007A5DC7A,-,0,0,-,
14450,14/04/2020,00:50:13,43,-,Trovan Unique,0007A5DC7A,-,0,0,-,
14451,14/04/2020,00:50:14,43,-,Trovan Unique,0007A5DC7A,-,0,0,-,
14452,14/04/2020,00:50:15,43,-,Trovan Unique,0007A5DC7A,-,0,0,-,
14453,14/04/2020,00:50:15,43,-,Trovan Unique,0007A5DC7A,-,0,0,-,
14454,14/04/2020,00:50:16,43,-,Trovan Unique,0007A5DC7A,-,0,0,-,
14455,14/04/2020,00:52:04,35,-,Trovan Unique,0007A5DF09,-,0,0,-,
14456,14/04/2020,00:52:23,43,-,Trovan Unique,0007A5C777,-,0,0,-,
14457,14/04/2020,00:52:23,43,-,Trovan Unique,0007A5C777,-,0,0,-,
14458,14/04/2020,00:52:24,43,-,Trovan Unique,0007A5C777,-,0,0,-,
14459,14/04/2020,00:52:25,43,-,Trovan Unique,0007A5C777,-,0,0,-,
14460,14/04/2020,00:52:25,43,-,Trovan Unique,0007A5C777,-,0,0,-,
14461,14/04/2020,00:52:26,43,-,Trovan Unique,0007A5C777,-,0,0,-,
14462,14/04/2020,00:52:27,43,-,Trovan Unique,0007A5C777,-,0,0,-,
14463,14/04/2020,00:57:09,43,-,Trovan Unique,0007A5C777,-,0,0,-,
14464,14/04/2020,00:57:10,43,-,Trovan Unique,0007A5C777,-,0,0,-,
14465,14/04/2020,00:57:10,43,-,Trovan Unique,0007A5C777,-,0,0,-,
14466,14/04/2020,01:01:48,43,-,Trovan Unique,0007A5DC7A,-,0,0,-,
14467,14/04/2020,01:01:48,43,-,Trovan Unique,0007A5DC7A,-,0,0,-,
14468,14/04/2020,01:01:49,43,-,Trovan Unique,0007A5DC7A,-,0,0,-,
14469,14/04/2020,01:01:50,43,-,Trovan Unique,0007A5DC7A,-,0,0,-,
14470,14/04/2020,01:01:50,43,-,Trovan Unique,0007A5DC7A,-,0,0,-,
14471,14/04/2020,01:01:51,43,-,Trovan Unique,0007A5DC7A,-,0,0,-,
14472,14/04/2020,01:01:52,43,-,Trovan Unique,0007A5DC7A,-,0,0,-,
14473,14/04/2020,01:07:26,44,-,Trovan Unique,0007A5D910,-,0,0,-,
14474,14/04/2020,01:07:26,44,-,Trovan Unique,0007A5D910,-,0,0,-,
14475,14/04/2020,01:07:27,44,-,Trovan Unique,0007A5D910,-,0,0,-,
14476,14/04/2020,01:09:39,43,-,Trovan Unique,0007A5DC7A,-,0,0,-,
14477,14/04/2020,01:09:39,43,-,Trovan Unique,0007A5DC7A,-,0,0,-,
14478,14/04/2020,01:10:31,44,-,Trovan Unique,0007A5D910,-,0,0,-,
14479,14/04/2020,01:10:32,44,-,Trovan Unique,0007A5D910,-,0,0,-,
14480,14/04/2020,01:10:33,44,-,Trovan Unique,0007A5D910,-,0,0,-,
14481,14/04/2020,01:10:33,44,-,Trovan Unique,0007A5D910,-,0,0,-,
14482,14/04/2020,01:10:34,44,-,Trovan Unique,0007A5D910,-,0,0,-,
14483,14/04/2020,01:10:34,44,-,Trovan Unique,0007A5D910,-,0,0,-,
14484,14/04/2020,01:10:35,44,-,Trovan Unique,0007A5D910,-,0,0,-,
14485,14/04/2020,01:10:36,44,-,Trovan Unique,0007A5D910,-,0,0,-,
14486,14/04/2020,01:10:36,44,-,Trovan Unique,0007A5D910,-,0,0,-,
14487,14/04/2020,01:12:44,41,-,Trovan Unique,0007A5DF09,-,0,0,-,
14488,14/04/2020,01:12:45,41,-,Trovan Unique,0007A5DF09,-,0,0,-,
14489,14/04/2020,01:15:51,41,-,Trovan Unique,0007A5DF09,-,0,0,-,
14490,14/04/2020,01:15:51,41,-,Trovan Unique,0007A5DF09,-,0,0,-,
14491,14/04/2020,01:15:52,41,-,Trovan Unique,0007A5DF09,-,0,0,-,
14492,14/04/2020,01:16:17,44,-,Trovan Unique,0007A5D910,-,0,0,-,
14493,14/04/2020,01:16:18,44,-,Trovan Unique,0007A5D910,-,0,0,-,
14494,14/04/2020,01:16:19,44,-,Trovan Unique,0007A5D910,-,0,0,-,
14495,14/04/2020,01:16:19,44,-,Trovan Unique,0007A5D910,-,0,0,-,
14496,14/04/2020,01:16:20,44,-,Trovan Unique,0007A5D910,-,0,0,-,
14497,14/04/2020,01:16:45,43,-,Trovan Unique,0007A5D910,-,0,0,-,
14498,14/04/2020,01:16:46,43,-,Trovan Unique,0007A5D910,-,0,0,-,
14499,14/04/2020,01:16:46,43,-,Trovan Unique,0007A5D910,-,0,0,-,
14500,14/04/2020,01:16:47,43,-,Trovan Unique,0007A5D910,-,0,0,-,
14501,14/04/2020,01:16:48,43,-,Trovan Unique,0007A5D910,-,0,0,-,
14502,14/04/2020,01:16:48,43,-,Trovan Unique,0007A5D910,-,0,0,-,
14503,14/04/2020,01:17:18,42,-,Trovan Unique,0007A5D910,-,0,0,-,
14504,14/04/2020,01:17:18,42,-,Trovan Unique,0007A5D910,-,0,0,-,
14505,14/04/2020,01:17:19,42,-,Trovan Unique,0007A5D910,-,0,0,-,
14506,14/04/2020,01:17:20,42,-,Trovan Unique,0007A5D910,-,0,0,-,
14507,14/04/2020,01:17:20,42,-,Trovan Unique,0007A5D910,-,0,0,-,
14508,14/04/2020,01:17:21,42,-,Trovan Unique,0007A5D910,-,0,0,-,
14509,14/04/2020,01:17:21,42,-,Trovan Unique,0007A5D910,-,0,0,-,
14510,14/04/2020,01:17:22,42,-,Trovan Unique,0007A5D910,-,0,0,-,
14511,14/04/2020,01:17:35,41,-,Trovan Unique,0007A5D910,-,0,0,-,
14512,14/04/2020,01:17:36,41,-,Trovan Unique,0007A5D910,-,0,0,-,
14513,14/04/2020,01:19:19,35,-,Trovan Unique,0007A5DF09,-,0,0,-,
14514,14/04/2020,01:20:22,41,-,Trovan Unique,0007A5D910,-,0,0,-,
14515,14/04/2020,01:20:22,41,-,Trovan Unique,0007A5D910,-,0,0,-,
14516,14/04/2020,01:21:45,41,-,Trovan Unique,0007A5D910,-,0,0,-,
14517,14/04/2020,01:30:41,43,-,Trovan Unique,0007A5DC7A,-,0,0,-,
14518,14/04/2020,01:30:42,43,-,Trovan Unique,0007A5DC7A,-,0,0,-,
14519,14/04/2020,01:30:42,43,-,Trovan Unique,0007A5DC7A,-,0,0,-,
14520,14/04/2020,01:30:43,43,-,Trovan Unique,0007A5DC7A,-,0,0,-,
14521,14/04/2020,01:30:44,43,-,Trovan Unique,0007A5DC7A,-,0,0,-,
14522,14/04/2020,01:30:51,43,-,Trovan Unique,0007A5DC7A,-,0,0,-,
14523,14/04/2020,01:30:52,43,-,Trovan Unique,0007A5DC7A,-,0,0,-,
14524,14/04/2020,01:30:52,43,-,Trovan Unique,0007A5DC7A,-,0,0,-,
14525,14/04/2020,01:30:53,43,-,Trovan Unique,0007A5DC7A,-,0,0,-,
14526,14/04/2020,01:30:54,43,-,Trovan Unique,0007A5DC7A,-,0,0,-,
14527,14/04/2020,01:30:54,43,-,Trovan Unique,0007A5DC7A,-,0,0,-,
14528,14/04/2020,01:30:55,43,-,Trovan Unique,0007A5DC7A,-,0,0,-,
14529,14/04/2020,01:30:55,43,-,Trovan Unique,0007A5DC7A,-,0,0,-,
14530,14/04/2020,01:32:05,41,-,Trovan Unique,0007A5DF09,-,0,0,-,
14531,14/04/2020,01:40:51,43,-,Trovan Unique,0007A5DC7A,-,0,0,-,
14532,14/04/2020,01:40:52,43,-,Trovan Unique,0007A5DC7A,-,0,0,-,
14533,14/04/2020,01:40:53,43,-,Trovan Unique,0007A5DC7A,-,0,0,-,
14534,14/04/2020,01:40:53,43,-,Trovan Unique,0007A5DC7A,-,0,0,-,
14535,14/04/2020,01:40:54,43,-,Trovan Unique,0007A5DC7A,-,0,0,-,
14536,14/04/2020,01:41:13,44,-,Trovan Unique,0007A5DC7A,-,0,0,-,
14537,14/04/2020,01:41:14,44,-,Trovan Unique,0007A5DC7A,-,0,0,-,
14538,14/04/2020,01:41:14,44,-,Trovan Unique,0007A5DC7A,-,0,0,-,
14539,14/04/2020,01:44:09,41,-,Trovan Unique,0007A5D910,-,0,0,-,
14540,14/04/2020,01:49:05,41,-,Trovan Unique,0007A5D910,-,0,0,-,
14541,14/04/2020,01:49:06,41,-,Trovan Unique,0007A5D910,-,0,0,-,
14542,14/04/2020,01:49:07,41,-,Trovan Unique,0007A5D910,-,0,0,-,
14543,14/04/2020,01:49:08,41,-,Trovan Unique,0007A5D910,-,0,0,-,
14544,14/04/2020,01:49:08,41,-,Trovan Unique,0007A5D910,-,0,0,-,
14545,14/04/2020,01:49:09,41,-,Trovan Unique,0007A5D910,-,0,0,-,
14546,14/04/2020,01:49:39,42,-,Trovan Unique,0007A5D910,-,0,0,-,
14547,14/04/2020,01:49:39,42,-,Trovan Unique,0007A5D910,-,0,0,-,
14548,14/04/2020,01:50:14,43,-,Trovan Unique,0007A5D910,-,0,0,-,
14549,14/04/2020,01:50:15,43,-,Trovan Unique,0007A5D910,-,0,0,-,
14550,14/04/2020,01:50:16,43,-,Trovan Unique,0007A5D910,-,0,0,-,
14551,14/04/2020,01:50:24,41,-,Trovan Unique,0007A5DF09,-,0,0,-,
14552,14/04/2020,01:50:24,41,-,Trovan Unique,0007A5DF09,-,0,0,-,
14553,14/04/2020,01:50:32,44,-,Trovan Unique,0007A5D910,-,0,0,-,
14554,14/04/2020,01:51:34,33,-,Trovan Unique,0007A5CEFA,-,0,0,-,
14555,14/04/2020,01:51:34,33,-,Trovan Unique,0007A5CEFA,-,0,0,-,
14556,14/04/2020,01:54:25,44,-,Trovan Unique,0007A5D910,-,0,0,-,
14557,14/04/2020,01:54:26,44,-,Trovan Unique,0007A5D910,-,0,0,-,
14558,14/04/2020,01:54:27,44,-,Trovan Unique,0007A5D910,-,0,0,-,
14559,14/04/2020,01:54:27,44,-,Trovan Unique,0007A5D910,-,0,0,-,
14560,14/04/2020,01:54:28,44,-,Trovan Unique,0007A5D910,-,0,0,-,
14561,14/04/2020,01:54:32,44,-,Trovan Unique,0007A5D910,-,0,0,-,
14562,14/04/2020,01:54:33,44,-,Trovan Unique,0007A5D910,-,0,0,-,
14563,14/04/2020,01:54:34,44,-,Trovan Unique,0007A5D910,-,0,0,-,
14564,14/04/2020,01:54:52,43,-,Trovan Unique,0007A5D910,-,0,0,-,
14565,14/04/2020,01:54:53,43,-,Trovan Unique,0007A5D910,-,0,0,-,
14566,14/04/2020,01:54:54,43,-,Trovan Unique,0007A5D910,-,0,0,-,
14567,14/04/2020,01:54:54,43,-,Trovan Unique,0007A5D910,-,0,0,-,
14568,14/04/2020,01:55:53,42,-,Trovan Unique,0007A5D910,-,0,0,-,
14569,14/04/2020,01:55:53,42,-,Trovan Unique,0007A5D910,-,0,0,-,
14570,14/04/2020,01:55:54,42,-,Trovan Unique,0007A5D910,-,0,0,-,
14571,14/04/2020,01:55:54,42,-,Trovan Unique,0007A5D910,-,0,0,-,
14572,14/04/2020,01:55:55,42,-,Trovan Unique,0007A5D910,-,0,0,-,
14573,14/04/2020,01:55:56,42,-,Trovan Unique,0007A5D910,-,0,0,-,
14574,14/04/2020,01:55:56,42,-,Trovan Unique,0007A5D910,-,0,0,-,
14575,14/04/2020,01:55:57,42,-,Trovan Unique,0007A5D910,-,0,0,-,
14576,14/04/2020,01:55:58,42,-,Trovan Unique,0007A5D910,-,0,0,-,
14577,14/04/2020,01:56:11,41,-,Trovan Unique,0007A5D910,-,0,0,-,
14578,14/04/2020,01:56:12,41,-,Trovan Unique,0007A5D910,-,0,0,-,
14579,14/04/2020,01:56:13,41,-,Trovan Unique,0007A5D910,-,0,0,-,
14580,14/04/2020,02:03:11,41,-,Trovan Unique,0007A5D910,-,0,0,-,
14581,14/04/2020,02:03:11,41,-,Trovan Unique,0007A5D910,-,0,0,-,
14582,14/04/2020,02:03:12,41,-,Trovan Unique,0007A5D910,-,0,0,-,
14583,14/04/2020,02:03:21,35,-,Trovan Unique,0007A5DF09,-,0,0,-,
14584,14/04/2020,02:03:29,42,-,Trovan Unique,0007A5D910,-,0,0,-,
14585,14/04/2020,02:03:30,42,-,Trovan Unique,0007A5D910,-,0,0,-,
14586,14/04/2020,02:03:30,42,-,Trovan Unique,0007A5D910,-,0,0,-,
14587,14/04/2020,02:04:21,43,-,Trovan Unique,0007A5D910,-,0,0,-,
14588,14/04/2020,02:04:22,43,-,Trovan Unique,0007A5D910,-,0,0,-,
14589,14/04/2020,02:04:23,43,-,Trovan Unique,0007A5D910,-,0,0,-,
14590,14/04/2020,02:04:23,43,-,Trovan Unique,0007A5D910,-,0,0,-,
14591,14/04/2020,02:04:33,43,-,Trovan Unique,0007A5D910,-,0,0,-,
14592,14/04/2020,02:04:36,43,-,Trovan Unique,0007A5D910,-,0,0,-,
14593,14/04/2020,02:04:37,43,-,Trovan Unique,0007A5D910,-,0,0,-,
14594,14/04/2020,02:04:38,43,-,Trovan Unique,0007A5D910,-,0,0,-,
14595,14/04/2020,02:04:38,43,-,Trovan Unique,0007A5D910,-,0,0,-,
14596,14/04/2020,02:04:52,44,-,Trovan Unique,0007A5D910,-,0,0,-,
14597,14/04/2020,02:06:59,44,-,Trovan Unique,0007A5D910,-,0,0,-,
14598,14/04/2020,02:07:00,44,-,Trovan Unique,0007A5D910,-,0,0,-,
14599,14/04/2020,02:07:03,44,-,Trovan Unique,0007A5CE03,-,0,0,-,
14600,14/04/2020,02:07:28,43,-,Trovan Unique,0007A5D910,-,0,0,-,
14601,14/04/2020,02:07:29,43,-,Trovan Unique,0007A5D910,-,0,0,-,
14602,14/04/2020,02:07:29,43,-,Trovan Unique,0007A5D910,-,0,0,-,
14603,14/04/2020,02:08:40,42,-,Trovan Unique,0007A5D910,-,0,0,-,
14604,14/04/2020,02:08:41,42,-,Trovan Unique,0007A5D910,-,0,0,-,
14605,14/04/2020,02:08:42,42,-,Trovan Unique,0007A5D910,-,0,0,-,
14606,14/04/2020,02:08:42,42,-,Trovan Unique,0007A5D910,-,0,0,-,
14607,14/04/2020,02:08:43,42,-,Trovan Unique,0007A5D910,-,0,0,-,
14608,14/04/2020,02:08:44,42,-,Trovan Unique,0007A5D910,-,0,0,-,
14609,14/04/2020,02:08:44,42,-,Trovan Unique,0007A5D910,-,0,0,-,
14610,14/04/2020,02:09:00,41,-,Trovan Unique,0007A5D910,-,0,0,-,
14611,14/04/2020,02:09:12,35,-,Trovan Unique,0007A5D910,-,0,0,-,
14612,14/04/2020,02:11:32,41,-,Trovan Unique,0007A5D910,-,0,0,-,
14613,14/04/2020,02:11:32,41,-,Trovan Unique,0007A5D910,-,0,0,-,
14614,14/04/2020,02:11:33,41,-,Trovan Unique,0007A5D910,-,0,0,-,
14615,14/04/2020,02:14:30,43,-,Trovan Unique,0007A5D910,-,0,0,-,
14616,14/04/2020,02:17:54,44,-,Trovan Unique,0007A5DC7A,-,0,0,-,
14617,14/04/2020,02:17:55,44,-,Trovan Unique,0007A5DC7A,-,0,0,-,
14618,14/04/2020,02:20:37,43,-,Trovan Unique,0007A5D910,-,0,0,-,
14619,14/04/2020,02:20:38,43,-,Trovan Unique,0007A5D910,-,0,0,-,
14620,14/04/2020,02:20:39,43,-,Trovan Unique,0007A5D910,-,0,0,-,
14621,14/04/2020,02:20:39,43,-,Trovan Unique,0007A5D910,-,0,0,-,
14622,14/04/2020,02:20:40,43,-,Trovan Unique,0007A5D910,-,0,0,-,
14623,14/04/2020,02:20:42,43,-,Trovan Unique,0007A5D910,-,0,0,-,
14624,14/04/2020,02:20:43,43,-,Trovan Unique,0007A5D910,-,0,0,-,
14625,14/04/2020,02:20:43,43,-,Trovan Unique,0007A5D910,-,0,0,-,
14626,14/04/2020,02:20:44,43,-,Trovan Unique,0007A5D910,-,0,0,-,
14627,14/04/2020,02:20:45,43,-,Trovan Unique,0007A5D910,-,0,0,-,
14628,14/04/2020,02:20:46,43,-,Trovan Unique,0007A5D910,-,0,0,-,
14629,14/04/2020,02:20:46,43,-,Trovan Unique,0007A5D910,-,0,0,-,
14630,14/04/2020,02:20:48,43,-,Trovan Unique,0007A5D910,-,0,0,-,
14631,14/04/2020,02:20:48,43,-,Trovan Unique,0007A5D910,-,0,0,-,
14632,14/04/2020,02:20:49,43,-,Trovan Unique,0007A5D910,-,0,0,-,
14633,14/04/2020,02:20:51,43,-,Trovan Unique,0007A5D910,-,0,0,-,
14634,14/04/2020,02:20:52,43,-,Trovan Unique,0007A5D910,-,0,0,-,
14635,14/04/2020,02:20:53,43,-,Trovan Unique,0007A5D910,-,0,0,-,
14636,14/04/2020,02:20:53,43,-,Trovan Unique,0007A5D910,-,0,0,-,
14637,14/04/2020,02:20:56,43,-,Trovan Unique,0007A5D910,-,0,0,-,
14638,14/04/2020,02:21:38,42,-,Trovan Unique,0007A5D910,-,0,0,-,
14639,14/04/2020,02:21:38,42,-,Trovan Unique,0007A5D910,-,0,0,-,
14640,14/04/2020,02:21:39,42,-,Trovan Unique,0007A5D910,-,0,0,-,
14641,14/04/2020,02:21:39,42,-,Trovan Unique,0007A5D910,-,0,0,-,
14642,14/04/2020,02:21:40,42,-,Trovan Unique,0007A5D910,-,0,0,-,
14643,14/04/2020,02:22:01,41,-,Trovan Unique,0007A5D910,-,0,0,-,
14644,14/04/2020,02:22:02,41,-,Trovan Unique,0007A5D910,-,0,0,-,
14645,14/04/2020,02:22:03,41,-,Trovan Unique,0007A5D910,-,0,0,-,
14646,14/04/2020,02:22:19,35,-,Trovan Unique,0007A5D910,-,0,0,-,
14647,14/04/2020,02:22:19,35,-,Trovan Unique,0007A5D910,-,0,0,-,
14648,14/04/2020,02:22:20,35,-,Trovan Unique,0007A5D910,-,0,0,-,
14649,14/04/2020,02:22:20,35,-,Trovan Unique,0007A5D910,-,0,0,-,
14650,14/04/2020,02:22:32,33,-,Trovan Unique,0007A5D910,-,0,0,-,
14651,14/04/2020,02:22:33,33,-,Trovan Unique,0007A5D910,-,0,0,-,
14652,14/04/2020,02:22:33,33,-,Trovan Unique,0007A5D910,-,0,0,-,
14653,14/04/2020,02:22:34,33,-,Trovan Unique,0007A5D910,-,0,0,-,
14654,14/04/2020,02:22:34,33,-,Trovan Unique,0007A5D910,-,0,0,-,
14655,14/04/2020,02:22:49,32,-,Trovan Unique,0007A5D910,-,0,0,-,
14656,14/04/2020,02:22:50,32,-,Trovan Unique,0007A5D910,-,0,0,-,
14657,14/04/2020,02:22:50,32,-,Trovan Unique,0007A5D910,-,0,0,-,
14658,14/04/2020,02:22:51,32,-,Trovan Unique,0007A5D910,-,0,0,-,
14659,14/04/2020,02:23:01,31,-,Trovan Unique,0007A5D910,-,0,0,-,
14660,14/04/2020,02:23:01,31,-,Trovan Unique,0007A5D910,-,0,0,-,
14661,14/04/2020,02:26:17,43,-,Trovan Unique,0007A5C777,-,0,0,-,
14662,14/04/2020,02:29:36,31,-,Trovan Unique,0007A5D910,-,0,0,-,
14663,14/04/2020,02:29:37,31,-,Trovan Unique,0007A5D910,-,0,0,-,
14664,14/04/2020,02:29:37,31,-,Trovan Unique,0007A5D910,-,0,0,-,
14665,14/04/2020,02:29:38,31,-,Trovan Unique,0007A5D910,-,0,0,-,
14666,14/04/2020,02:29:38,31,-,Trovan Unique,0007A5D910,-,0,0,-,
14667,14/04/2020,02:29:38,31,-,Trovan Unique,0007A5D910,-,0,0,-,
14668,14/04/2020,02:29:39,31,-,Trovan Unique,0007A5D910,-,0,0,-,
14669,14/04/2020,02:29:58,32,-,Trovan Unique,0007A5D910,-,0,0,-,
14670,14/04/2020,02:29:59,32,-,Trovan Unique,0007A5D910,-,0,0,-,
14671,14/04/2020,02:29:59,32,-,Trovan Unique,0007A5D910,-,0,0,-,
14672,14/04/2020,02:30:00,32,-,Trovan Unique,0007A5D910,-,0,0,-,
14673,14/04/2020,02:30:00,32,-,Trovan Unique,0007A5D910,-,0,0,-,
14674,14/04/2020,02:30:01,32,-,Trovan Unique,0007A5D910,-,0,0,-,
14675,14/04/2020,02:30:01,32,-,Trovan Unique,0007A5D910,-,0,0,-,
14676,14/04/2020,02:30:01,32,-,Trovan Unique,0007A5D910,-,0,0,-,
14677,14/04/2020,02:30:02,32,-,Trovan Unique,0007A5D910,-,0,0,-,
14678,14/04/2020,02:30:02,32,-,Trovan Unique,0007A5D910,-,0,0,-,
14679,14/04/2020,02:30:03,32,-,Trovan Unique,0007A5D910,-,0,0,-,
14680,14/04/2020,02:30:04,32,-,Trovan Unique,0007A5D910,-,0,0,-,
14681,14/04/2020,02:30:04,32,-,Trovan Unique,0007A5D910,-,0,0,-,
14682,14/04/2020,02:30:05,32,-,Trovan Unique,0007A5D910,-,0,0,-,
14683,14/04/2020,02:30:05,32,-,Trovan Unique,0007A5D910,-,0,0,-,
14684,14/04/2020,02:30:29,31,-,Trovan Unique,0007A5D910,-,0,0,-,
14685,14/04/2020,02:30:29,31,-,Trovan Unique,0007A5D910,-,0,0,-,
14686,14/04/2020,02:30:30,31,-,Trovan Unique,0007A5D910,-,0,0,-,
14687,14/04/2020,02:30:30,31,-,Trovan Unique,0007A5D910,-,0,0,-,
14688,14/04/2020,02:30:31,31,-,Trovan Unique,0007A5D910,-,0,0,-,
14689,14/04/2020,02:32:45,31,-,Trovan Unique,0007A5D910,-,0,0,-,
14690,14/04/2020,02:32:46,31,-,Trovan Unique,0007A5D910,-,0,0,-,
14691,14/04/2020,02:32:46,31,-,Trovan Unique,0007A5D910,-,0,0,-,
14692,14/04/2020,02:32:46,31,-,Trovan Unique,0007A5D910,-,0,0,-,
14693,14/04/2020,02:32:47,31,-,Trovan Unique,0007A5D910,-,0,0,-,
14694,14/04/2020,02:32:47,31,-,Trovan Unique,0007A5D910,-,0,0,-,
14695,14/04/2020,02:32:48,31,-,Trovan Unique,0007A5D910,-,0,0,-,
14696,14/04/2020,02:32:48,31,-,Trovan Unique,0007A5D910,-,0,0,-,
14697,14/04/2020,02:33:06,32,-,Trovan Unique,0007A5D910,-,0,0,-,
14698,14/04/2020,02:33:07,32,-,Trovan Unique,0007A5D910,-,0,0,-,
14699,14/04/2020,02:34:14,33,-,Trovan Unique,0007A5D910,-,0,0,-,
14700,14/04/2020,02:34:14,33,-,Trovan Unique,0007A5D910,-,0,0,-,
14701,14/04/2020,02:34:15,33,-,Trovan Unique,0007A5D910,-,0,0,-,
14702,14/04/2020,02:34:15,33,-,Trovan Unique,0007A5D910,-,0,0,-,
14703,14/04/2020,02:34:16,33,-,Trovan Unique,0007A5D910,-,0,0,-,
14704,14/04/2020,02:34:32,35,-,Trovan Unique,0007A5D910,-,0,0,-,
14705,14/04/2020,02:34:33,35,-,Trovan Unique,0007A5D910,-,0,0,-,
14706,14/04/2020,02:35:02,41,-,Trovan Unique,0007A5D910,-,0,0,-,
14707,14/04/2020,02:35:02,41,-,Trovan Unique,0007A5D910,-,0,0,-,
14708,14/04/2020,02:35:03,41,-,Trovan Unique,0007A5D910,-,0,0,-,
14709,14/04/2020,02:35:03,41,-,Trovan Unique,0007A5D910,-,0,0,-,
14710,14/04/2020,02:35:04,41,-,Trovan Unique,0007A5D910,-,0,0,-,
14711,14/04/2020,02:35:05,41,-,Trovan Unique,0007A5D910,-,0,0,-,
14712,14/04/2020,02:35:18,42,-,Trovan Unique,0007A5D910,-,0,0,-,
14713,14/04/2020,02:35:32,43,-,Trovan Unique,0007A5D910,-,0,0,-,
14714,14/04/2020,02:35:33,43,-,Trovan Unique,0007A5D910,-,0,0,-,
14715,14/04/2020,02:35:33,43,-,Trovan Unique,0007A5D910,-,0,0,-,
14716,14/04/2020,02:35:34,43,-,Trovan Unique,0007A5D910,-,0,0,-,
14717,14/04/2020,02:35:44,44,-,Trovan Unique,0007A5D910,-,0,0,-,
14718,14/04/2020,02:36:59,44,-,Trovan Unique,0007A5D910,-,0,0,-,
14719,14/04/2020,02:37:00,44,-,Trovan Unique,0007A5D910,-,0,0,-,
14720,14/04/2020,02:37:18,44,-,Trovan Unique,0007A5CE08,-,0,0,-,
14721,14/04/2020,02:38:51,44,-,Trovan Unique,0007A5D910,-,0,0,-,
14722,14/04/2020,02:38:51,44,-,Trovan Unique,0007A5D910,-,0,0,-,
14723,14/04/2020,02:39:53,44,-,Trovan Unique,0007A5D910,-,0,0,-,
14724,14/04/2020,02:40:25,44,-,Trovan Unique,0007A5D910,-,0,0,-,
14725,14/04/2020,02:40:25,44,-,Trovan Unique,0007A5D910,-,0,0,-,
14726,14/04/2020,02:40:26,44,-,Trovan Unique,0007A5D910,-,0,0,-,
14727,14/04/2020,02:40:27,44,-,Trovan Unique,0007A5D910,-,0,0,-,
14728,14/04/2020,02:40:27,44,-,Trovan Unique,0007A5D910,-,0,0,-,
14729,14/04/2020,02:40:28,44,-,Trovan Unique,0007A5D910,-,0,0,-,
14730,14/04/2020,02:40:29,44,-,Trovan Unique,0007A5D910,-,0,0,-,
14731,14/04/2020,02:40:29,44,-,Trovan Unique,0007A5D910,-,0,0,-,
14732,14/04/2020,02:40:30,44,-,Trovan Unique,0007A5D910,-,0,0,-,
14733,14/04/2020,02:40:51,43,-,Trovan Unique,0007A5D910,-,0,0,-,
14734,14/04/2020,02:40:51,43,-,Trovan Unique,0007A5D910,-,0,0,-,
14735,14/04/2020,02:40:52,43,-,Trovan Unique,0007A5D910,-,0,0,-,
14736,14/04/2020,02:41:12,43,-,Trovan Unique,0007A5D910,-,0,0,-,
14737,14/04/2020,02:41:12,43,-,Trovan Unique,0007A5D910,-,0,0,-,
14738,14/04/2020,02:41:13,43,-,Trovan Unique,0007A5D910,-,0,0,-,
14739,14/04/2020,02:41:14,43,-,Trovan Unique,0007A5D910,-,0,0,-,
14740,14/04/2020,02:41:29,44,-,Trovan Unique,0007A5D910,-,0,0,-,
14741,14/04/2020,02:41:29,44,-,Trovan Unique,0007A5D910,-,0,0,-,
14742,14/04/2020,02:42:39,44,-,Trovan Unique,0007A5D910,-,0,0,-,
14743,14/04/2020,02:42:40,44,-,Trovan Unique,0007A5D910,-,0,0,-,
14744,14/04/2020,02:42:41,44,-,Trovan Unique,0007A5D910,-,0,0,-,
14745,14/04/2020,02:42:41,44,-,Trovan Unique,0007A5D910,-,0,0,-,
14746,14/04/2020,02:42:42,44,-,Trovan Unique,0007A5D910,-,0,0,-,
14747,14/04/2020,02:42:42,44,-,Trovan Unique,0007A5D910,-,0,0,-,
14748,14/04/2020,02:42:59,43,-,Trovan Unique,0007A5D910,-,0,0,-,
14749,14/04/2020,02:42:59,43,-,Trovan Unique,0007A5D910,-,0,0,-,
14750,14/04/2020,02:43:50,42,-,Trovan Unique,0007A5D910,-,0,0,-,
14751,14/04/2020,02:43:50,42,-,Trovan Unique,0007A5D910,-,0,0,-,
14752,14/04/2020,02:43:51,42,-,Trovan Unique,0007A5D910,-,0,0,-,
14753,14/04/2020,02:44:06,41,-,Trovan Unique,0007A5D910,-,0,0,-,
14754,14/04/2020,02:44:15,35,-,Trovan Unique,0007A5D910,-,0,0,-,
14755,14/04/2020,02:44:16,35,-,Trovan Unique,0007A5D910,-,0,0,-,
14756,14/04/2020,02:44:16,35,-,Trovan Unique,0007A5D910,-,0,0,-,
14757,14/04/2020,02:44:17,35,-,Trovan Unique,0007A5D910,-,0,0,-,
14758,14/04/2020,02:44:17,35,-,Trovan Unique,0007A5D910,-,0,0,-,
14759,14/04/2020,02:44:18,35,-,Trovan Unique,0007A5D910,-,0,0,-,
14760,14/04/2020,02:44:23,35,-,Trovan Unique,0007A5D910,-,0,0,-,
14761,14/04/2020,02:44:24,35,-,Trovan Unique,0007A5D910,-,0,0,-,
14762,14/04/2020,02:44:24,35,-,Trovan Unique,0007A5D910,-,0,0,-,
14763,14/04/2020,02:44:25,35,-,Trovan Unique,0007A5D910,-,0,0,-,
14764,14/04/2020,02:44:25,35,-,Trovan Unique,0007A5D910,-,0,0,-,
14765,14/04/2020,02:44:26,35,-,Trovan Unique,0007A5D910,-,0,0,-,
14766,14/04/2020,02:44:38,33,-,Trovan Unique,0007A5D910,-,0,0,-,
14767,14/04/2020,02:44:38,33,-,Trovan Unique,0007A5D910,-,0,0,-,
14768,14/04/2020,02:44:39,33,-,Trovan Unique,0007A5D910,-,0,0,-,
14769,14/04/2020,02:44:39,33,-,Trovan Unique,0007A5D910,-,0,0,-,
14770,14/04/2020,02:44:40,33,-,Trovan Unique,0007A5D910,-,0,0,-,
14771,14/04/2020,02:44:57,32,-,Trovan Unique,0007A5D910,-,0,0,-,
14772,14/04/2020,02:44:57,32,-,Trovan Unique,0007A5D910,-,0,0,-,
14773,14/04/2020,02:44:58,32,-,Trovan Unique,0007A5D910,-,0,0,-,
14774,14/04/2020,02:44:58,32,-,Trovan Unique,0007A5D910,-,0,0,-,
14775,14/04/2020,02:44:59,32,-,Trovan Unique,0007A5D910,-,0,0,-,
14776,14/04/2020,02:44:59,32,-,Trovan Unique,0007A5D910,-,0,0,-,
14777,14/04/2020,02:45:11,31,-,Trovan Unique,0007A5D910,-,0,0,-,
14778,14/04/2020,02:45:12,31,-,Trovan Unique,0007A5D910,-,0,0,-,
14779,14/04/2020,02:48:23,43,-,Trovan Unique,0007A5C777,-,0,0,-,
14780,14/04/2020,02:48:24,43,-,Trovan Unique,0007A5C777,-,0,0,-,
14781,14/04/2020,02:48:24,43,-,Trovan Unique,0007A5C777,-,0,0,-,
14782,14/04/2020,02:48:25,43,-,Trovan Unique,0007A5C777,-,0,0,-,
14783,14/04/2020,02:48:44,44,-,Trovan Unique,0007A5C777,-,0,0,-,
14784,14/04/2020,02:48:44,44,-,Trovan Unique,0007A5C777,-,0,0,-,
14785,14/04/2020,02:48:45,44,-,Trovan Unique,0007A5C777,-,0,0,-,
14786,14/04/2020,02:51:35,31,-,Trovan Unique,0007A5D910,-,0,0,-,
14787,14/04/2020,02:51:35,31,-,Trovan Unique,0007A5D910,-,0,0,-,
14788,14/04/2020,02:51:36,31,-,Trovan Unique,0007A5D910,-,0,0,-,
14789,14/04/2020,02:51:36,31,-,Trovan Unique,0007A5D910,-,0,0,-,
14790,14/04/2020,02:51:37,31,-,Trovan Unique,0007A5D910,-,0,0,-,
14791,14/04/2020,02:51:54,32,-,Trovan Unique,0007A5D910,-,0,0,-,
14792,14/04/2020,02:51:55,32,-,Trovan Unique,0007A5D910,-,0,0,-,
14793,14/04/2020,02:52:17,33,-,Trovan Unique,0007A5D910,-,0,0,-,
14794,14/04/2020,02:52:18,33,-,Trovan Unique,0007A5D910,-,0,0,-,
14795,14/04/2020,02:52:18,33,-,Trovan Unique,0007A5D910,-,0,0,-,
14796,14/04/2020,02:52:19,33,-,Trovan Unique,0007A5D910,-,0,0,-,
14797,14/04/2020,02:52:19,33,-,Trovan Unique,0007A5D910,-,0,0,-,
14798,14/04/2020,02:52:20,33,-,Trovan Unique,0007A5D910,-,0,0,-,
14799,14/04/2020,02:52:20,33,-,Trovan Unique,0007A5D910,-,0,0,-,
14800,14/04/2020,02:52:21,33,-,Trovan Unique,0007A5D910,-,0,0,-,
14801,14/04/2020,02:52:21,33,-,Trovan Unique,0007A5D910,-,0,0,-,
14802,14/04/2020,02:52:22,33,-,Trovan Unique,0007A5D910,-,0,0,-,
14803,14/04/2020,02:52:32,44,-,Trovan Unique,0007A5CE03,-,0,0,-,
14804,14/04/2020,02:52:57,32,-,Trovan Unique,0007A5D910,-,0,0,-,
14805,14/04/2020,02:52:57,32,-,Trovan Unique,0007A5D910,-,0,0,-,
14806,14/04/2020,02:52:58,32,-,Trovan Unique,0007A5D910,-,0,0,-,
14807,14/04/2020,02:53:20,33,-,Trovan Unique,0007A5D910,-,0,0,-,
14808,14/04/2020,02:53:20,33,-,Trovan Unique,0007A5D910,-,0,0,-,
14809,14/04/2020,02:53:21,33,-,Trovan Unique,0007A5D910,-,0,0,-,
14810,14/04/2020,02:53:21,33,-,Trovan Unique,0007A5D910,-,0,0,-,
14811,14/04/2020,02:53:22,33,-,Trovan Unique,0007A5D910,-,0,0,-,
14812,14/04/2020,02:53:22,33,-,Trovan Unique,0007A5D910,-,0,0,-,
14813,14/04/2020,02:53:40,35,-,Trovan Unique,0007A5D910,-,0,0,-,
14814,14/04/2020,02:53:41,35,-,Trovan Unique,0007A5D910,-,0,0,-,
14815,14/04/2020,02:53:53,44,-,Trovan Unique,0007A5C777,-,0,0,-,
14816,14/04/2020,02:54:06,41,-,Trovan Unique,0007A5D910,-,0,0,-,
14817,14/04/2020,02:54:06,41,-,Trovan Unique,0007A5D910,-,0,0,-,
14818,14/04/2020,02:54:07,41,-,Trovan Unique,0007A5D910,-,0,0,-,
14819,14/04/2020,02:54:07,41,-,Trovan Unique,0007A5D910,-,0,0,-,
14820,14/04/2020,02:54:21,42,-,Trovan Unique,0007A5D910,-,0,0,-,
14821,14/04/2020,02:54:41,43,-,Trovan Unique,0007A5D910,-,0,0,-,
14822,14/04/2020,02:54:41,43,-,Trovan Unique,0007A5D910,-,0,0,-,
14823,14/04/2020,02:54:42,43,-,Trovan Unique,0007A5D910,-,0,0,-,
14824,14/04/2020,02:54:42,43,-,Trovan Unique,0007A5D910,-,0,0,-,
14825,14/04/2020,02:54:48,44,-,Trovan Unique,0007A5C777,-,0,0,-,
14826,14/04/2020,02:54:52,44,-,Trovan Unique,0007A5D910,-,0,0,-,
14827,14/04/2020,02:55:35,44,-,Trovan Unique,0007A5D910,-,0,0,-,
14828,14/04/2020,02:55:35,44,-,Trovan Unique,0007A5D910,-,0,0,-,
14829,14/04/2020,02:55:53,43,-,Trovan Unique,0007A5D910,-,0,0,-,
14830,14/04/2020,02:55:54,43,-,Trovan Unique,0007A5D910,-,0,0,-,
14831,14/04/2020,02:55:54,43,-,Trovan Unique,0007A5D910,-,0,0,-,
14832,14/04/2020,02:55:55,43,-,Trovan Unique,0007A5D910,-,0,0,-,
14833,14/04/2020,02:56:03,42,-,Trovan Unique,0007A5D910,-,0,0,-,
14834,14/04/2020,02:56:04,42,-,Trovan Unique,0007A5D910,-,0,0,-,
14835,14/04/2020,02:56:04,42,-,Trovan Unique,0007A5D910,-,0,0,-,
14836,14/04/2020,02:56:16,41,-,Trovan Unique,0007A5D910,-,0,0,-,
14837,14/04/2020,02:56:17,41,-,Trovan Unique,0007A5D910,-,0,0,-,
14838,14/04/2020,02:56:18,41,-,Trovan Unique,0007A5D910,-,0,0,-,
14839,14/04/2020,02:57:18,41,-,Trovan Unique,0007A5D910,-,0,0,-,
14840,14/04/2020,02:57:19,41,-,Trovan Unique,0007A5D910,-,0,0,-,
14841,14/04/2020,02:57:19,41,-,Trovan Unique,0007A5D910,-,0,0,-,
14842,14/04/2020,02:57:20,41,-,Trovan Unique,0007A5D910,-,0,0,-,
14843,14/04/2020,02:57:31,42,-,Trovan Unique,0007A5D910,-,0,0,-,
14844,14/04/2020,02:57:40,43,-,Trovan Unique,0007A5D910,-,0,0,-,
14845,14/04/2020,02:57:41,43,-,Trovan Unique,0007A5D910,-,0,0,-,
14846,14/04/2020,02:58:02,42,-,Trovan Unique,0007A5D910,-,0,0,-,
14847,14/04/2020,02:58:02,42,-,Trovan Unique,0007A5D910,-,0,0,-,
14848,14/04/2020,02:58:03,42,-,Trovan Unique,0007A5D910,-,0,0,-,
14849,14/04/2020,02:58:04,42,-,Trovan Unique,0007A5D910,-,0,0,-,
14850,14/04/2020,02:58:04,42,-,Trovan Unique,0007A5D910,-,0,0,-,
14851,14/04/2020,02:58:15,41,-,Trovan Unique,0007A5D910,-,0,0,-,
14852,14/04/2020,02:58:15,41,-,Trovan Unique,0007A5D910,-,0,0,-,
14853,14/04/2020,02:59:36,41,-,Trovan Unique,0007A5D910,-,0,0,-,
14854,14/04/2020,02:59:36,41,-,Trovan Unique,0007A5D910,-,0,0,-,
14855,14/04/2020,02:59:37,41,-,Trovan Unique,0007A5D910,-,0,0,-,
14856,14/04/2020,02:59:38,41,-,Trovan Unique,0007A5D910,-,0,0,-,
14857,14/04/2020,02:59:38,41,-,Trovan Unique,0007A5D910,-,0,0,-,
14858,14/04/2020,02:59:50,42,-,Trovan Unique,0007A5D910,-,0,0,-,
14859,14/04/2020,03:00:02,43,-,Trovan Unique,0007A5D910,-,0,0,-,
14860,14/04/2020,03:00:02,43,-,Trovan Unique,0007A5D910,-,0,0,-,
14861,14/04/2020,03:00:03,43,-,Trovan Unique,0007A5D910,-,0,0,-,
14862,14/04/2020,03:00:04,43,-,Trovan Unique,0007A5D910,-,0,0,-,
14863,14/04/2020,03:00:13,44,-,Trovan Unique,0007A5D910,-,0,0,-,
14864,14/04/2020,03:03:26,35,-,Trovan Unique,0007A5DF09,-,0,0,-,
14865,14/04/2020,03:07:15,44,-,Trovan Unique,0007A5D910,-,0,0,-,
14866,14/04/2020,03:07:15,44,-,Trovan Unique,0007A5D910,-,0,0,-,
14867,14/04/2020,03:07:16,44,-,Trovan Unique,0007A5D910,-,0,0,-,
14868,14/04/2020,03:07:17,44,-,Trovan Unique,0007A5D910,-,0,0,-,
14869,14/04/2020,03:07:17,44,-,Trovan Unique,0007A5D910,-,0,0,-,
14870,14/04/2020,03:07:18,44,-,Trovan Unique,0007A5D910,-,0,0,-,
14871,14/04/2020,03:07:51,43,-,Trovan Unique,0007A5D910,-,0,0,-,
14872,14/04/2020,03:08:08,43,-,Trovan Unique,0007A5D910,-,0,0,-,
14873,14/04/2020,03:08:08,43,-,Trovan Unique,0007A5D910,-,0,0,-,
14874,14/04/2020,03:08:09,43,-,Trovan Unique,0007A5D910,-,0,0,-,
14875,14/04/2020,03:08:10,43,-,Trovan Unique,0007A5D910,-,0,0,-,
14876,14/04/2020,03:08:26,44,-,Trovan Unique,0007A5D910,-,0,0,-,
14877,14/04/2020,03:08:27,44,-,Trovan Unique,0007A5D910,-,0,0,-,
14878,14/04/2020,03:08:34,44,-,Trovan Unique,0007A5D910,-,0,0,-,
14879,14/04/2020,03:08:35,44,-,Trovan Unique,0007A5D910,-,0,0,-,
14880,14/04/2020,03:10:32,44,-,Trovan Unique,0007A5D910,-,0,0,-,
14881,14/04/2020,03:10:33,44,-,Trovan Unique,0007A5D910,-,0,0,-,
14882,14/04/2020,03:10:33,44,-,Trovan Unique,0007A5D910,-,0,0,-,
14883,14/04/2020,03:10:34,44,-,Trovan Unique,0007A5D910,-,0,0,-,
14884,14/04/2020,03:10:51,43,-,Trovan Unique,0007A5D910,-,0,0,-,
14885,14/04/2020,03:11:11,42,-,Trovan Unique,0007A5D910,-,0,0,-,
14886,14/04/2020,03:11:12,42,-,Trovan Unique,0007A5D910,-,0,0,-,
14887,14/04/2020,03:11:13,42,-,Trovan Unique,0007A5D910,-,0,0,-,
14888,14/04/2020,03:11:13,42,-,Trovan Unique,0007A5D910,-,0,0,-,
14889,14/04/2020,03:11:14,42,-,Trovan Unique,0007A5D910,-,0,0,-,
14890,14/04/2020,03:11:27,41,-,Trovan Unique,0007A5D910,-,0,0,-,
14891,14/04/2020,03:11:45,35,-,Trovan Unique,0007A5D910,-,0,0,-,
14892,14/04/2020,03:11:46,35,-,Trovan Unique,0007A5D910,-,0,0,-,
14893,14/04/2020,03:11:46,35,-,Trovan Unique,0007A5D910,-,0,0,-,
14894,14/04/2020,03:11:47,35,-,Trovan Unique,0007A5D910,-,0,0,-,
14895,14/04/2020,03:11:58,33,-,Trovan Unique,0007A5D910,-,0,0,-,
14896,14/04/2020,03:11:59,33,-,Trovan Unique,0007A5D910,-,0,0,-,
14897,14/04/2020,03:11:59,33,-,Trovan Unique,0007A5D910,-,0,0,-,
14898,14/04/2020,03:12:08,32,-,Trovan Unique,0007A5D910,-,0,0,-,
14899,14/04/2020,03:12:08,32,-,Trovan Unique,0007A5D910,-,0,0,-,
14900,14/04/2020,03:12:09,32,-,Trovan Unique,0007A5D910,-,0,0,-,
14901,14/04/2020,03:12:09,32,-,Trovan Unique,0007A5D910,-,0,0,-,
14902,14/04/2020,03:12:10,32,-,Trovan Unique,0007A5D910,-,0,0,-,
14903,14/04/2020,03:12:10,32,-,Trovan Unique,0007A5D910,-,0,0,-,
14904,14/04/2020,03:12:11,32,-,Trovan Unique,0007A5D910,-,0,0,-,
14905,14/04/2020,03:12:19,31,-,Trovan Unique,0007A5D910,-,0,0,-,
14906,14/04/2020,03:12:19,31,-,Trovan Unique,0007A5D910,-,0,0,-,
14907,14/04/2020,03:24:25,41,-,Trovan Unique,0007A5DF09,-,0,0,-,
14908,14/04/2020,03:24:25,41,-,Trovan Unique,0007A5DF09,-,0,0,-,
14909,14/04/2020,03:29:39,31,-,Trovan Unique,0007A5D910,-,0,0,-,
14910,14/04/2020,03:29:39,31,-,Trovan Unique,0007A5D910,-,0,0,-,
14911,14/04/2020,03:29:40,31,-,Trovan Unique,0007A5D910,-,0,0,-,
14912,14/04/2020,03:29:40,31,-,Trovan Unique,0007A5D910,-,0,0,-,
14913,14/04/2020,03:29:41,31,-,Trovan Unique,0007A5D910,-,0,0,-,
14914,14/04/2020,03:29:41,31,-,Trovan Unique,0007A5D910,-,0,0,-,
14915,14/04/2020,03:30:00,32,-,Trovan Unique,0007A5D910,-,0,0,-,
14916,14/04/2020,03:30:00,32,-,Trovan Unique,0007A5D910,-,0,0,-,
14917,14/04/2020,03:31:51,44,-,Trovan Unique,0007A5CE08,-,0,0,-,
14918,14/04/2020,03:31:51,44,-,Trovan Unique,0007A5CE08,-,0,0,-,
14919,14/04/2020,03:31:52,44,-,Trovan Unique,0007A5CE08,-,0,0,-,
14920,14/04/2020,03:31:53,44,-,Trovan Unique,0007A5CE08,-,0,0,-,
14921,14/04/2020,03:31:53,44,-,Trovan Unique,0007A5CE08,-,0,0,-,
14922,14/04/2020,03:31:54,44,-,Trovan Unique,0007A5CE08,-,0,0,-,
14923,14/04/2020,03:31:54,44,-,Trovan Unique,0007A5CE08,-,0,0,-,
14924,14/04/2020,03:31:55,44,-,Trovan Unique,0007A5CE08,-,0,0,-,
14925,14/04/2020,03:31:56,44,-,Trovan Unique,0007A5CE08,-,0,0,-,
14926,14/04/2020,03:32:07,44,-,Trovan Unique,0007A5CE08,-,0,0,-,
14927,14/04/2020,03:32:07,44,-,Trovan Unique,0007A5CE08,-,0,0,-,
14928,14/04/2020,03:33:13,32,-,Trovan Unique,0007A5D910,-,0,0,-,
14929,14/04/2020,03:33:14,32,-,Trovan Unique,0007A5D910,-,0,0,-,
14930,14/04/2020,03:33:14,32,-,Trovan Unique,0007A5D910,-,0,0,-,
14931,14/04/2020,03:43:43,32,-,Trovan Unique,0007A5D910,-,0,0,-,
14932,14/04/2020,03:43:43,32,-,Trovan Unique,0007A5D910,-,0,0,-,
14933,14/04/2020,03:43:44,32,-,Trovan Unique,0007A5D910,-,0,0,-,
14934,14/04/2020,03:43:44,32,-,Trovan Unique,0007A5D910,-,0,0,-,
14935,14/04/2020,03:43:45,32,-,Trovan Unique,0007A5D910,-,0,0,-,
14936,14/04/2020,03:43:45,32,-,Trovan Unique,0007A5D910,-,0,0,-,
14937,14/04/2020,03:43:46,32,-,Trovan Unique,0007A5D910,-,0,0,-,
14938,14/04/2020,03:43:46,32,-,Trovan Unique,0007A5D910,-,0,0,-,
14939,14/04/2020,03:44:14,31,-,Trovan Unique,0007A5D910,-,0,0,-,
14940,14/04/2020,03:44:14,31,-,Trovan Unique,0007A5D910,-,0,0,-,
14941,14/04/2020,03:44:14,31,-,Trovan Unique,0007A5D910,-,0,0,-,
14942,14/04/2020,03:44:15,31,-,Trovan Unique,0007A5D910,-,0,0,-,
14943,14/04/2020,03:44:15,31,-,Trovan Unique,0007A5D910,-,0,0,-,
14944,14/04/2020,03:44:16,31,-,Trovan Unique,0007A5D910,-,0,0,-,
14945,14/04/2020,03:44:16,31,-,Trovan Unique,0007A5D910,-,0,0,-,
14946,14/04/2020,03:44:17,31,-,Trovan Unique,0007A5D910,-,0,0,-,
14947,14/04/2020,03:44:17,31,-,Trovan Unique,0007A5D910,-,0,0,-,
14948,14/04/2020,03:44:18,31,-,Trovan Unique,0007A5D910,-,0,0,-,
14949,14/04/2020,03:54:18,31,-,Trovan Unique,0007A5D910,-,0,0,-,
14950,14/04/2020,03:54:18,31,-,Trovan Unique,0007A5D910,-,0,0,-,
14951,14/04/2020,03:54:19,31,-,Trovan Unique,0007A5D910,-,0,0,-,
14952,14/04/2020,03:54:19,31,-,Trovan Unique,0007A5D910,-,0,0,-,
14953,14/04/2020,03:54:20,31,-,Trovan Unique,0007A5D910,-,0,0,-,
